,vid,name,game,date created,title,duration of broadcast,views
0,280975251,playhearthstone,Hearthstone,2018-07-05T00:55:03Z,2018 HCT Summer Championship - Day 4,1:30:44,621
1,279921953,playhearthstone,Hearthstone,2018-07-02T02:51:34Z,A83650 vs. Bunnyhoppor – Top 8 – 2018 HCT Summer Championship,1:24:11,6873
2,279889046,playhearthstone,Hearthstone,2018-07-02T01:01:05Z,Bunnyhoppor vs. Viper – Top 8 – 2018 HCT Summer Championship,1:47:30,1914
3,279859225,playhearthstone,Hearthstone,2018-07-01T23:18:50Z,A83650 vs. killinallday – Top 8 – 2018 HCT Summer Championship,0:52:15,1368
4,279842746,playhearthstone,Hearthstone,2018-07-01T22:21:41Z,Bunnyhoppor vs. Turna – Top 8 – 2018 HCT Summer Championship,2:09:31,1156
5,279802429,playhearthstone,Hearthstone,2018-07-01T20:14:48Z,Nalguidan vs. Viper – Top 8 – 2018 HCT Summer Championship,1:59:07,595
6,279757215,playhearthstone,Hearthstone,2018-07-01T18:08:29Z,Jinsoo vs. killinallday - Top 8 - 2018 HCT Summer Championship,0:47:50,856
7,279737761,playhearthstone,Hearthstone,2018-07-01T17:12:29Z,A83650 vs. XiaoT - Top 8 - 2018 HCT Summer Championship,1:23:10,1513
8,279706208,playhearthstone,Hearthstone,2018-07-01T15:21:01Z,Rebroadcast - 2018 HCT Summer Championship - Day 3,11:36:12,14097
9,279540883,playhearthstone,Hearthstone,2018-07-01T02:12:23Z,glory vs. killinallday - Group D - Decider Match - 2018 HCT Summer Championship,1:14:34,1194
10,279518307,playhearthstone,Hearthstone,2018-07-01T00:57:39Z,Rugal vs. Turna - Group C - Decider Match - 2018 HCT Summer Championship,1:08:22,668
11,279501052,playhearthstone,Hearthstone,2018-06-30T23:59:21Z,Bloodtrail vs A83650 - Group B - Decider Match - 2018 HCT Summer Championship,1:17:22,1065
12,279479069,playhearthstone,Hearthstone,2018-06-30T22:40:43Z,Viper vs Tansoku - Group A - Decider Match - 2018 HCT Summer Championship,1:40:12,341
13,279446898,playhearthstone,Hearthstone,2018-06-30T20:57:18Z,glory vs. Leaoh - Group D - Elimination - 2018 HCT Summer Championship,0:45:38,125
14,279431378,playhearthstone,Hearthstone,2018-06-30T20:11:48Z,dog vs. Rugal - Group C - Elimination - 2018 HCT Summer Championship,1:06:52,899
15,279406891,playhearthstone,Hearthstone,2018-06-30T18:59:57Z,A83650 vs. YuYi - Group B - Elimination - 2018 HCT Summer Championship,1:32:17,366
16,279370450,playhearthstone,Hearthstone,2018-06-30T17:21:43Z,Rase vs. Tansoku - Group A - Elimination - 2018 HCT Summer Championship,1:25:47,224
17,279330698,playhearthstone,Hearthstone,2018-06-30T15:23:00Z,2018 HCT Summer Championship - Day 3,10:47:34,76735
18,279133292,playhearthstone,Hearthstone,2018-06-30T00:46:26Z,Bunnyhoppor vs. killinallday – Group D – Winners Match – 2018 HCT Summer Championship,1:25:29,1629
19,279106626,playhearthstone,Hearthstone,2018-06-29T23:19:51Z,Jinsoo vs. Turna – Group C – Winners Match – 2018 HCT Summer Championship,1:37:11,827
20,279078259,playhearthstone,Hearthstone,2018-06-29T21:45:31Z,Bunnyhoppor vs. glory – Group D – Match 2 – 2018 HCT Summer Championship,2:08:13,439
21,279036075,playhearthstone,Hearthstone,2018-06-29T19:36:38Z, Turna vs. dog – Group C – Match 1 – 2018 HCT Summer Championship,0:53:39,1194
22,279016172,playhearthstone,Hearthstone,2018-06-29T18:41:33Z,Leaoh vs. killinallday – Group D – Match 2 - 2018 HCT Summer Championship,1:08:28,274
23,278999028,playhearthstone,Hearthstone,2018-06-29T17:53:11Z,Jinsoo vs. Rugal – Group C – Match 1 - 2018 HCT Summer Championship,1:43:12,213
24,278953900,playhearthstone,Hearthstone,2018-06-29T15:20:06Z,HCT Summer Championship - Day 2!,9:20:51,87313
25,278757187,playhearthstone,Hearthstone,2018-06-29T00:11:51Z,BloodTrail vs. Nalguidan - Group B - 2018 HCT Summer Championship,1:07:34,1899
26,278735206,playhearthstone,Hearthstone,2018-06-28T23:03:43Z,Viper vs. XiaoT - Group A - 2018 HCT Summer Championship,0:56:15,653
27,278718205,playhearthstone,Hearthstone,2018-06-28T22:08:15Z,Nalguidan vs. YuYi - Group B - 2018 HCT Summer Championship,1:42:30,379
28,278683225,playhearthstone,Hearthstone,2018-06-28T20:20:28Z,XiaoT vs. Tansoku - Group A - 2018 HCT Summer Championship,0:54:57,433
29,278666502,playhearthstone,Hearthstone,2018-06-28T19:32:32Z,A83650 vs. BloodTrail - Group B - 2018 HCT Summer Championship,1:47:06,429
30,278650998,playhearthstone,Hearthstone,2018-06-28T18:50:36Z,Rase vs. Viper - Group A - 2018 HCT Summer Championship,1:54:06,486
31,278579226,playhearthstone,Hearthstone,2018-06-28T14:48:56Z,HCT Summer Championship - Day 1,9:22:49,70036
32,276310660,playhearthstone,Hearthstone,2018-06-22T18:55:04Z,"Talkstone: Frodan, TJ, and Admirable discuss the upcoming HCT Summer Championship in this new series!",1:43:30,3213
33,271478910,playhearthstone,Hearthstone,2018-06-10T02:40:14Z,HCT Seoul - Day 3 - Quarterfinals!,9:45:35,14557
34,271070666,playhearthstone,Hearthstone,2018-06-09T02:36:32Z,HCT Seoul - Day 2,7:26:57,7844
35,270682630,playhearthstone,Hearthstone,2018-06-08T02:40:22Z,HCT Seoul - Day 1,9:38:59,8875
36,263649687,playhearthstone,Hearthstone,2018-05-20T21:45:37Z,Hearthstone Collegiate Championships: Penn State - Blue vs UCLA Blue,1:42:57,3820
37,263608356,playhearthstone,Hearthstone,2018-05-20T19:49:39Z,Hearthstone Collegiate Championships: Carnegie Mellon vs UCLA,1:34:05,565
38,263570029,playhearthstone,Hearthstone,2018-05-20T18:13:48Z,Hearthstone Collegiate Championships: Stanford vs Penn State Blue,2:01:25,195
39,263513593,playhearthstone,Hearthstone,2018-05-20T15:30:02Z,Hearthstone Collegiate Championship Finals - Day 2,6:05:25,2647
40,263446318,playhearthstone,Hearthstone,2018-05-20T10:54:33Z,Tansoku vs XiaoDai - Group Play - Decider Match - 2018 HCT Asia-Pacific Summer Playoffs,1:41:36,4722
41,263429716,playhearthstone,Hearthstone,2018-05-20T09:13:47Z,BlooTrail vs kin0531 - Group Play - Decider Match - 2018 HCT Asia-Pacific Summer Playoffs,1:19:52,784
42,263417128,playhearthstone,Hearthstone,2018-05-20T07:53:56Z,Jinsoo vs Tansoku - Group Play - Winners Match - 2018 HCT Asia-Pacific Summer Playoffs,0:56:09,927
43,263409402,playhearthstone,Hearthstone,2018-05-20T07:04:46Z,glory vs kin0531 - Group Play - Winners Match - 2018 HCT Asia-Pacific Summer Playoffs,0:58:21,369
44,263396683,playhearthstone,Hearthstone,2018-05-20T05:53:07Z,Jinsoo vs. XiaoDai - Group Play - Initial Matches - 2018 HCT Asia-Pacific Summer Playoffs,1:40:30,167
45,263366301,playhearthstone,Hearthstone,2018-05-20T03:44:49Z,strikeright vs. Surrender - Round 7 - 2018 HCT Asia-Pacific Summer Playoffs,1:06:15,259
46,263324991,playhearthstone,Hearthstone,2018-05-20T01:30:18Z,HCT Asia-Pacific Summer Playoffs - Day 2 - Round 7,9:26:57,4376
47,263209586,playhearthstone,Hearthstone,2018-05-19T19:38:49Z,Hearthstone Collegiate Championships: UCLA vs Georgia Tech,0:49:02,482
48,263123398,playhearthstone,Hearthstone,2018-05-19T15:30:02Z,Hearthstone Collegiate Championship Finals - Day 1,4:04:21,1190
49,263063907,playhearthstone,Hearthstone,2018-05-19T11:29:20Z,b787 vs. CitizenNappa - Round 6 - 2018 Asia-Pacific Summer Playoffs,1:05:45,1272
50,263052182,playhearthstone,Hearthstone,2018-05-19T10:21:55Z,aqua vs. Gwabuki - Round 5 - 2018 HCT Asia-Pacific Summer Playoffs,0:55:33,157
51,263039486,playhearthstone,Hearthstone,2018-05-19T09:00:47Z,b787 vs. DacMalza - Round 4 - 2018 HCT Asia-Pacific Summer Playoffs,1:07:34,168
52,263037803,playhearthstone,Hearthstone,2018-05-19T08:50:40Z,DacCarp vs. glory - Round 3 - 2018 HCT Asia-Pacific Summer Playoffs,1:34:23,187
53,263002936,playhearthstone,Hearthstone,2018-05-19T05:24:40Z,Kribo vs. Surrender - Round 2 - 2018 HCT Asia-Pacific Summer Playoffs,1:34:53,742
54,262935326,playhearthstone,Hearthstone,2018-05-19T01:30:16Z,HCT Americas Summer Playoffs - Day 2 - Decider B,9:55:30,3382
55,261147880,playhearthstone,Hearthstone,2018-05-14T00:54:28Z,fibonacci vs. killinallday - Group A Deciders Match - 2018 HCT Americas Summer Playoffs,0:52:27,5258
56,261147881,playhearthstone,Hearthstone,2018-05-14T00:54:28Z,dog vs. muzzy - Group B Deciders Match - 2018 HCT Americas Summer Playoffs,1:21:22,7092
57,261102058,playhearthstone,Hearthstone,2018-05-13T22:14:20Z,dog vs. Nalguidan - Group B Winners Match - 2018 HCT Americas Summer Playoffs,0:50:39,2108
58,261100294,playhearthstone,Hearthstone,2018-05-13T22:08:25Z,killinallday vs. Rase - Group Play - Initial Matches - 2018 HCT Americas Summer Playoffs,1:09:46,672
59,261064678,playhearthstone,Hearthstone,2018-05-13T20:12:12Z,dog vs. muzzy - Group Play - Initial Matches - 2018 HCT Americas Summer Playoffs,1:05:03,893
60,261028984,playhearthstone,Hearthstone,2018-05-13T18:34:02Z,Perna vs. zalae - Round 7 - 2018 HCT Americas Summer Playoffs,0:49:50,518
61,260988548,playhearthstone,Hearthstone,2018-05-13T16:38:43Z,muzzy vs. Tarei - Round 6 - 2018 HCT Americas Summer Playoffs,1:04:51,438
62,260950196,playhearthstone,Hearthstone,2018-05-13T14:30:15Z,HCT Americas Summer Playoffs - Day 2 - Round 6,10:22:01,10506
63,260738697,playhearthstone,Hearthstone,2018-05-12T23:17:10Z,dog vs. Nalguidan – Round 5 – 2018 HCT Americas Summer Playoffs,0:55:57,4089
64,260709639,playhearthstone,Hearthstone,2018-05-12T21:45:47Z,fibonacci vs. PNC – Round 4 – 2018 HCT Americas Summer Playoffs,1:00:39,1873
65,260697876,playhearthstone,Hearthstone,2018-05-12T21:10:42Z,justsaiyan vs. Rase – Round 3 – 2018 HCT Americas Summer Playoffs,1:07:58,625
66,260641507,playhearthstone,Hearthstone,2018-05-12T18:42:12Z,dog vs. Ryuuzu – Round 2 – 2018 HCT Americas Summer Playoffs,1:06:03,1434
67,260601973,playhearthstone,Hearthstone,2018-05-12T16:54:01Z,fr0zen vs. ute1234 – Round 1 – 2018 HCT Americas Summer Playoffs,1:25:47,947
68,260558017,playhearthstone,Hearthstone,2018-05-12T14:30:16Z,HCT Americas Summer Playoffs - Day 1 - Round 1,8:37:05,11760
69,258292434,playhearthstone,Hearthstone,2018-05-06T07:30:15Z,HCT Europe Summer Playoffs - Day 1 - Round 6,10:22:21,9557
70,257909248,playhearthstone,Hearthstone,2018-05-05T07:30:14Z,HCT Europe Summer Playoffs - Day 1 - Round 1,11:00:27,12302
71,255817769,playhearthstone,Hearthstone,2018-04-29T15:45:48Z,Hearthstone Collegiate Champs Playoffs Day 2,9:44:22,3949
72,255683540,playhearthstone,Hearthstone,2018-04-29T04:48:26Z,HCT Taipei Tour Stop | Day 2,9:09:44,3507
73,255427701,playhearthstone,Hearthstone,2018-04-28T15:32:35Z,Hearthstone Collegiate Champs Playoffs Day 1,11:04:14,1328
74,254878992,playhearthstone,Hearthstone,2018-04-27T00:57:53Z,HCT Taipei Tour Stop | Day 1,8:59:37,5377
75,250031499,playhearthstone,Hearthstone,2018-04-13T22:21:54Z,The Wtichwood Inn-vitational: RDU vs Firebat,1:05:45,5108
76,250008253,playhearthstone,Hearthstone,2018-04-13T21:10:12Z,The Wtichwood Inn-vitational: Sjow vs Firebat,1:26:53,1733
77,249976843,playhearthstone,Hearthstone,2018-04-13T19:42:23Z,The Witchwood Inn-vitational: RDU vs Savjz,1:05:57,1145
78,249952432,playhearthstone,Hearthstone,2018-04-13T18:34:48Z,The Witchwood Inn-vitational: Tyler vs Dog,1:01:03,1118
79,249928645,playhearthstone,Hearthstone,2018-04-13T17:24:52Z,The Wtichwood Inn-vitational: Orange vs Alliestrasza,1:18:28,1845
80,249896014,playhearthstone,Hearthstone,2018-04-13T15:30:09Z,The Witchwood Inn-vitational,6:50:51,8686
81,248523888,playhearthstone,Hearthstone,2018-04-09T19:52:32Z,The Witchwood Card Reveal Livestream ,1:40:36,22190
82,248484805,playhearthstone,Hearthstone,2018-04-09T18:06:38Z,The Witchwood Card Reveal Livestream,1:42:53,25050
83,246338662,playhearthstone,Hearthstone,2018-04-03T23:30:09Z,Hearthstone Collegiate Champs Week 7,4:02:14,12654
84,245960515,playhearthstone,Hearthstone,2018-04-02T23:30:08Z,Hearthstone Collegiate Champs Week 7,6:06:10,1578
85,245246011,playhearthstone,Hearthstone,2018-04-01T01:02:53Z,Hamster vs. Jinsoo - 2018 Wild Open Grand Finals ,1:21:04,3624
86,245219437,playhearthstone,Hearthstone,2018-03-31T23:37:48Z,Jinsoo vs. LvGe - 2018 Wild Open Semi Finals ,1:13:34,505
87,245193666,playhearthstone,Hearthstone,2018-03-31T22:13:31Z,Hamster vs. RenoJackson - 2018 Wild Open Semi Finals ,0:48:44,660
88,245191456,playhearthstone,Hearthstone,2018-03-31T22:06:48Z,LvGe vs. alexMM - 2018 Wild Open Quarter Finals ,0:49:26,473
89,245153317,playhearthstone,Hearthstone,2018-03-31T20:15:56Z,Jinsoo vs. Jonahrah - 2018 Wild Open Quarter Finals ,1:19:58,234
90,245119989,playhearthstone,Hearthstone,2018-03-31T18:47:20Z,RenoJackson vs. Faeli - 2018 Wild Open Quarter Finals ,1:27:41,407
91,245085345,playhearthstone,Hearthstone,2018-03-31T17:13:34Z,dab vs. Hamster - 2018 Wild Open Quarter Finals ,1:02:51,759
92,245053924,playhearthstone,Hearthstone,2018-03-31T15:34:25Z,2018 Hearthstone Wild Open International Finals,9:28:01,3962
93,243655324,playhearthstone,Hearthstone,2018-03-27T23:30:07Z,Hearthstone Collegiate Champs Week 6,5:48:56,3138
94,243269829,playhearthstone,Hearthstone,2018-03-26T23:30:07Z,Hearthstone Collegiate Champs Week 6,6:15:04,3036
95,243150383,playhearthstone,Hearthstone,2018-03-26T17:48:05Z,The Witchwood Card Reveal Livestream,0:55:58,25168
96,242649170,playhearthstone,Hearthstone,2018-03-25T07:31:59Z,HCT Oslo Day 2,10:21:09,11492
97,242272507,playhearthstone,Hearthstone,2018-03-24T10:57:15Z,HCT Oslo Day 1,10:25:20,6359
98,241004379,playhearthstone,Hearthstone,2018-03-20T23:30:10Z,Hearthstone Collegiate Champs Week 5,5:59:01,2292
99,240631458,playhearthstone,Hearthstone,2018-03-19T23:30:12Z,Hearthstone Collegiate Champs Week 5,4:27:52,1324
100,240002918,playhearthstone,Hearthstone,2018-03-18T04:25:43Z,HCT Bangkok | Day 2,9:02:43,6664
101,239685850,playhearthstone,Hearthstone,2018-03-17T10:10:31Z,HCT Bangkok | Day 1,3:18:07,5005
102,239632600,playhearthstone,Hearthstone,2018-03-17T04:45:24Z,HCT Bangkok Tour Stop | Day 1,5:20:37,3340
103,238491359,playhearthstone,Hearthstone,2018-03-13T23:30:09Z,Hearthstone Collegiate Champs Week 4,4:11:46,2037
104,238145694,playhearthstone,Hearthstone,2018-03-12T23:30:39Z,Hearthstone Collegiate Champs Week 4,4:53:41,1536
105,237637069,playhearthstone,Hearthstone,2018-03-11T14:31:05Z,HCT Toronto Tour Stop - EGLX 2018 | Day 3,5:30:39,6679
106,237281654,playhearthstone,Hearthstone,2018-03-10T16:45:12Z,HCT Toronto Tour Stop - EGLX 2018 | Day 2,8:38:06,5979
107,237260399,playhearthstone,Hearthstone,2018-03-10T15:32:48Z,HCT Toronto Tour Stop - EGLX 2018 | Day 1,1:12:10,1154
108,236946669,playhearthstone,Hearthstone,2018-03-09T19:29:38Z,HCT Toronto Tour Stop - EGLX 2018 | Day 1,6:33:06,5012
109,236778489,playhearthstone,Hearthstone,2018-03-09T05:39:25Z,Jinsoo vs. Tako3 Hearthstone 2018 Wild Open,0:48:56,964
110,236760352,playhearthstone,Hearthstone,2018-03-09T04:14:47Z,Tako3 vs. Maru Hearthstone 2018 Wild Open,0:53:39,163
111,236742480,playhearthstone,Hearthstone,2018-03-09T03:06:35Z,Torres vs. Jinsoo Hearthstone 2018 Wild Open,0:50:51,191
112,236726291,playhearthstone,Hearthstone,2018-03-09T02:13:07Z,RenoJackson vs. Capilano Hearthstone 2018 Wild Open,0:54:51,422
113,236675011,playhearthstone,Hearthstone,2018-03-08T23:33:16Z,Hearthstone Wild Open Asia - Pacific Regional Finals,6:06:36,1501
114,236324889,playhearthstone,Hearthstone,2018-03-07T23:08:30Z,Breezy vs. dab Hearthstone 2018 Wild Open,0:55:27,1020
115,236290631,playhearthstone,Hearthstone,2018-03-07T21:16:37Z,Bananaramic vs. dab Hearthstone 2018 Wild Open,1:19:28,219
116,236248873,playhearthstone,Hearthstone,2018-03-07T19:14:52Z,Hearthstone Wild Open Americas Regional Finals,3:48:21,1483
117,236246469,playhearthstone,Hearthstone,2018-03-07T19:08:03Z,Rosty vs. Gozun Hearthstone 2018 Wild Open,1:00:45,152
118,236222279,playhearthstone,Hearthstone,2018-03-07T17:58:55Z,Cydonia vs. jonah-rah Hearthstone 2018 Wild Open,0:47:02,129
119,236197513,playhearthstone,Hearthstone,2018-03-07T16:30:23Z,Hearthstone Wild Open Americas Regional Finals,2:41:44,1077
120,236083290,playhearthstone,Hearthstone,2018-03-07T05:22:38Z,Hearthstone Collegiate Champs Week 3 !question,1:42:30,560
121,236000030,playhearthstone,Hearthstone,2018-03-07T00:30:47Z,Hearthstone Collegiate Champs Week 3 !question,4:42:55,485
122,235827694,playhearthstone,Hearthstone,2018-03-06T14:51:20Z,Faeli vs. Luxus 2018 Hearthstone Wild Open,1:03:57,529
123,235814192,playhearthstone,Hearthstone,2018-03-06T13:41:03Z,thefishou vs. AlexMM 2018 Hearthstone Wild Open,1:10:34,251
124,235792951,playhearthstone,Hearthstone,2018-03-06T11:33:06Z,Luxus vs. Sipiwi 2018 Hearthstone Wild Open,1:00:39,155
125,235783005,playhearthstone,Hearthstone,2018-03-06T10:15:37Z,thefishou vs. Scruffy - 2018 Hearthstone Wild Open ,1:03:15,157
126,235762284,playhearthstone,Hearthstone,2018-03-06T07:30:23Z,Hearthstone Wild Europe Regional Finals,7:18:36,2096
127,235659022,playhearthstone,Hearthstone,2018-03-06T00:31:27Z,Hearthstone Collegiate Champs Week 3 !question,4:56:11,572
128,235067188,playhearthstone,Hearthstone,2018-03-04T07:45:29Z,[KR] Hearthstone Team Championship Finals [Dolling Stones VS Team Overload],4:16:10,1399
129,233532709,playhearthstone,Hearthstone,2018-02-28T00:30:56Z,Hearthstone Collegiate Champs Week 2 !question,5:09:41,2374
130,233202400,playhearthstone,Hearthstone,2018-02-27T00:30:29Z,Hearthstone Collegiate Champs Week 2 !question,5:02:28,1217
131,232494013,playhearthstone,Hearthstone,2018-02-24T22:34:46Z,HCT Sydney Stop 2018 - Day 2,9:28:06,22955
132,232114709,playhearthstone,Hearthstone,2018-02-23T22:35:15Z,HCT Sydney Stop 2018 - Day 1,12:06:01,24325
133,231150399,playhearthstone,Hearthstone,2018-02-21T00:30:19Z,Hearthstone Collegiate Champs Week 1 !question,4:35:20,2254
134,230889635,playhearthstone,Hearthstone,2018-02-20T03:52:22Z,Hearthstone Collegiate Champs Week 1 !question,1:47:26,1380
135,220978876,playhearthstone,Hearthstone,2018-01-21T19:23:10Z,Fr0zen vs. tom60229 - Grand Final - 2017 HCT World Championship,1:06:21,34732
136,220977965,playhearthstone,Hearthstone,2018-01-21T19:20:33Z,Surrender vs. tom60229 - Semifinals - 2017 HCT World Championship,1:04:03,2995
137,220974757,playhearthstone,Hearthstone,2018-01-21T19:11:43Z,Fr0zen vs. JasonZhou - Semifinals - 2017 HCT World Championship,1:08:40,3407
138,220880040,playhearthstone,Hearthstone,2018-01-21T14:00:32Z,HCT World Championship - Day 4,4:57:53,103784
139,220576103,playhearthstone,Hearthstone,2018-01-20T18:30:55Z,Surrender vs. ShtanUdachi - Quarterfinals - 2017 HCT World Championship,1:13:40,12629
140,220574370,playhearthstone,Hearthstone,2018-01-20T18:25:32Z,Sintolol vs. Fr0zen - Quarterfinals - 2017 HCT World Championship,1:43:42,24220
141,220572010,playhearthstone,Hearthstone,2018-01-20T18:18:36Z,SamuelTsao vs. Tom60229 - Quarterfinals - 2017 HCT World Championship,1:02:27,1831
142,220569563,playhearthstone,Hearthstone,2018-01-20T18:10:47Z,DocPwn vs. JasonZhou - Quarterfinals - 2017 HCT World Championship,1:14:34,2065
143,220564931,playhearthstone,Hearthstone,2018-01-20T17:57:43Z,OmegaZero vs. Fr0zen Group D Decider Match - 2017 HCT World Championship,1:25:59,1749
144,220551805,playhearthstone,Hearthstone,2018-01-20T17:13:48Z,Orange vs. Tom60229 - Group A Decider Match - 2017 HCT World Championship,0:50:45,1309
145,220441003,playhearthstone,Hearthstone,2018-01-20T08:17:14Z,Surrender vs. Fr0zen - Group D Winners Match - 2017 HCT World Championship,1:15:04,4559
146,220440108,playhearthstone,Hearthstone,2018-01-20T08:11:04Z,ShtanUdachi vs. Sintolol - Group C Winners Match - 2017 HCT World Championship,0:57:27,887
147,220439096,playhearthstone,Hearthstone,2018-01-20T08:04:17Z,OmegaZero vs. Neirea - Group D Elimination Match - 2017 HCT World Championship,1:04:51,399
148,220436179,playhearthstone,Hearthstone,2018-01-20T07:45:37Z,Fr0zen vs. Neirea - Group D - 2017 HCT World Championship,0:56:33,395
149,220431670,playhearthstone,Hearthstone,2018-01-20T07:17:18Z,Surrender vs. OmegaZero - Group D - 2017 HCT World Championship,1:03:09,1070
150,220428845,playhearthstone,Hearthstone,2018-01-20T07:00:47Z,HCT World Championship - Day 3,9:52:59,248745
151,220178964,playhearthstone,Hearthstone,2018-01-19T16:51:57Z,Purple vs. Sintolol - Group C - 2017 HCT World Championship,1:05:33,7212
152,220177410,playhearthstone,Hearthstone,2018-01-19T16:45:35Z,Ant vs. ShtanUdachi - Group C - 2017 HCT World Championship,1:03:33,4374
153,220079206,playhearthstone,Hearthstone,2018-01-19T07:01:06Z,HCT World Championship - Day 2,9:18:10,136520
154,219869808,playhearthstone,Hearthstone,2018-01-18T18:16:00Z,Muzzy vs. SamuelTsao - Group B - 2017 HCT World Championship,1:29:35,7413
155,219841486,playhearthstone,Hearthstone,2018-01-18T16:36:56Z,DocPwn vs. Tom60229 - Group A Winners Match - 2017 HCT World Championship,0:55:09,19093
156,219833994,playhearthstone,Hearthstone,2018-01-18T16:05:09Z,Hoej vs.Orange - Group A Elimination Match - 2017 HCT World Championship,1:12:28,3417
157,219826163,playhearthstone,Hearthstone,2018-01-18T15:31:56Z,JasonZhou vs. Kolento - Group B Elimination Match - 2017 HCT World Championship,1:18:16,4675
158,219800864,playhearthstone,Hearthstone,2018-01-18T13:28:34Z,Orange vs. Tom60229 - Group A - 2017 HCT World Championship,1:00:57,1553
159,219800230,playhearthstone,Hearthstone,2018-01-18T13:24:41Z,Kolento vs. SamuelTsao - Group B - 2017 HCT World Championship,1:33:59,4379
160,219799665,playhearthstone,Hearthstone,2018-01-18T13:21:22Z,Muzzy vs. JasonZhou - Group B - 2017 HCT World Championship,0:55:33,1034
161,219798520,playhearthstone,Hearthstone,2018-01-18T13:14:52Z,Hoej vs. DocPwn - Group A - 2017 HCT World Championship - Part 1/2,1:18:00,987
162,219761122,playhearthstone,Hearthstone,2018-01-18T08:49:23Z,Hearthstone World Championship - Day 1,9:15:29,184867
163,219747813,playhearthstone,Hearthstone,2018-01-18T07:04:41Z,Hearthstone World Championship - Day 1,1:43:25,89276
164,212129380,playhearthstone,Hearthstone,2017-12-24T04:29:33Z,HearthStone 2017 All-Star Invitational Day 2,8:35:06,53410
165,211855801,playhearthstone,Hearthstone,2017-12-23T04:33:14Z,HearthStone 2017 All-Star Invitational Day 1,10:15:05,18094
166,210058530,playhearthstone,Hearthstone,2017-12-16T17:31:30Z,Hearthstone Collegiate Championships,7:46:16,3925
167,208529756,playhearthstone,Hearthstone,2017-12-11T00:36:17Z,"Sydney Hearthstone Inn-vitational: Finals Day. Live from Sydney, Australia!",4:55:05,26939
168,208227209,playhearthstone,Hearthstone,2017-12-10T00:42:41Z,"Sydney Hearthstone Inn-vitational: Day 1. Live from Sydney, Australia!",7:06:13,26828
169,207064714,playhearthstone,Hearthstone,2017-12-06T00:18:07Z,Live Event: Hearthstone Escape Room - Escape from the Catacombs,1:34:09,15469
170,206754896,playhearthstone,Hearthstone,2017-12-04T21:40:21Z,Kobolds & Catacombs Final Card Reveal & Gameplay Livestream,2:36:05,20472
171,206710807,playhearthstone,Hearthstone,2017-12-04T18:46:01Z,Kobolds & Catacombs Final Card Reveal & Gameplay Livestream,2:50:47,49114
172,206413595,playhearthstone,Hearthstone,2017-12-03T16:27:36Z,Hearthstone Collegiate Championships Ro32 Playoffs,7:43:40,4229
173,206116260,playhearthstone,Hearthstone,2017-12-02T16:50:01Z,Hearthstone Collegiate Championships Ro32 Playoffs,6:29:16,1564
174,202931696,playhearthstone,Hearthstone,2017-11-20T18:45:25Z,Kobolds & Catacombs Card Reveal Kick-Off,1:02:46,28195
175,188505253,playhearthstone,Hearthstone,2017-11-08T00:27:34Z,Hearthstone Collegiate Champs Fall 2017 - Week 7 !question,4:30:18,6476
176,188254234,playhearthstone,Hearthstone,2017-11-07T00:14:41Z,Hearthstone Collegiate Champs Fall 2017 - Week 7 !question,4:36:30,2012
177,187728123,playhearthstone,Hearthstone,2017-11-04T23:47:45Z,Tavern vs. Tavern Finals,2:03:31,5307
178,187691846,playhearthstone,Hearthstone,2017-11-04T21:26:47Z,HSI 2017  Finals | Grimestreet Grifters vs. Chillblade Crusaders,2:42:39,6090
179,187642084,playhearthstone,Hearthstone,2017-11-04T18:33:51Z,HSI 2017 | Dungeon Run - Grimestreet Grifters,0:48:08,1929
180,187627637,playhearthstone,Hearthstone,2017-11-04T17:42:38Z,HSI 2017 | Dungeon Run - Jungle Giants,0:48:08,1816
181,187601218,playhearthstone,Hearthstone,2017-11-04T16:00:53Z,Hearthstone Inn-vitational - BlizzCon 2017,7:40:49,9457
182,187463498,playhearthstone,Hearthstone,2017-11-04T01:59:08Z,HSI 2017 | Jungle Giants vs. Chillblade Crusaders,0:52:21,3173
183,187450334,playhearthstone,Hearthstone,2017-11-04T01:06:00Z,HSI 2017 | Big-Time Buccaneers vs. Grimestreet Grifters,0:59:21,1312
184,187439166,playhearthstone,Hearthstone,2017-11-04T00:22:00Z,HSI 2017 | Jungle Giants vs. Grimestreet Grifters,0:51:39,1017
185,187437241,playhearthstone,Hearthstone,2017-11-04T00:14:12Z,HSI 2017 | Big-Time Buccaneers vs. Chillblade Crusaders,0:46:32,602
186,187435798,playhearthstone,Hearthstone,2017-11-04T00:08:35Z, HSI 2017 | Grimestreet Grifters vs. Chillblade Crusaders,1:10:04,924
187,187429371,playhearthstone,Hearthstone,2017-11-03T23:44:33Z,HSI 2017 | Jungle Giants vs. Big-Time Buccaneers,0:45:38,1003
188,187363795,playhearthstone,Hearthstone,2017-11-03T19:31:12Z,Hearthstone Inn-vitational - BlizzCon 2017,6:29:13,14002
189,187328929,playhearthstone,Hearthstone,2017-11-03T17:07:05Z,Hearthstone Inn-vitational - BlizzCon 2017,2:17:32,8396
190,186430155,playhearthstone,Hearthstone,2017-10-31T00:12:22Z,REBROADCAST: Hearthstone Collegiate Champs Week 5 Day 2,3:34:22,1550
191,184842472,playhearthstone,Hearthstone,2017-10-24T23:18:08Z,Hearthstone Collegiate Champs Fall 2017 - Week 5 !question,1:19:02,1550
192,184574580,playhearthstone,Hearthstone,2017-10-23T23:22:11Z,Hearthstone Collegiate Champs Fall 2017 - Week 5 !question,4:45:37,1868
193,183041535,playhearthstone,Hearthstone,2017-10-17T23:22:29Z,Hearthstone Collegiate Champs Fall 2017 - Week 4 !question,4:26:38,3984
194,182801443,playhearthstone,Hearthstone,2017-10-16T23:32:50Z,Hearthstone Collegiate Champs Fall 2017 - Week 4 !question,4:35:30,2962
195,182598060,playhearthstone,Hearthstone,2017-10-16T01:55:07Z,Surrender vs. Orange - Finals - 2017 HCT Summer Championship,1:37:29,15847
196,182573123,playhearthstone,Hearthstone,2017-10-15T23:56:22Z,OMJasonzhou vs. Orange - Semifinals - 2017 HCT Summer Championship,1:04:57,2456
197,182561147,playhearthstone,Hearthstone,2017-10-15T22:58:05Z,Purple vs. Surrender - Semifinals - 2017 HCT Summer Championship,0:49:32,2650
198,182546387,playhearthstone,Hearthstone,2017-10-15T21:44:22Z,Pavel vs. Orange - Quarterfinals - 2017 HCT Summer Championship,1:24:59,3984
199,182526363,playhearthstone,Hearthstone,2017-10-15T20:15:39Z,OMJasonzhou vs. OldBoy - Quarterfinals - 2017 HCT Summer Championship,1:26:05,838
200,182502708,playhearthstone,Hearthstone,2017-10-15T18:45:17Z,Surrender vs. Empanizado - Quarterfinals - 2017 HCT Summer Championship,1:32:35,1045
201,182477583,playhearthstone,Hearthstone,2017-10-15T17:08:49Z,Tom60229 vs. Purple - Quarterfinals - 2017 HCT Summer Championship,1:36:11,10629
202,182449133,playhearthstone,Hearthstone,2017-10-15T15:01:02Z,HCT Summer Championship - Day 3,10:48:56,94140
203,182353727,playhearthstone,Hearthstone,2017-10-15T03:51:49Z,Empanizado vs. Cocosasa - Group C Decider Match - Summer Championship,1:13:34,1959
204,182337729,playhearthstone,Hearthstone,2017-10-15T02:31:02Z,Omegazero vs. Orange - Group C Decider Match - Summer Championship,1:03:33,2157
205,182319803,playhearthstone,Hearthstone,2017-10-15T01:07:55Z,Purple vs. Uya - Group B Decider Match - Summer Championship,1:12:10,2023
206,182303161,playhearthstone,Hearthstone,2017-10-14T23:53:30Z,Oldboy vs. Nalguidan - Group A Decider Match - Summer Championship,1:56:24,981
207,182276101,playhearthstone,Hearthstone,2017-10-14T21:49:24Z,SHRoyalBaiZe vs. Cocosasa - Group D Elimination - 2017 HCT Summer Championship,1:00:15,1149
208,182260900,playhearthstone,Hearthstone,2017-10-14T20:45:27Z,Orange vs. YAYTears - Group C Elimination - 2017 HCT Summer Championship,1:30:17,643
209,182237160,playhearthstone,Hearthstone,2017-10-14T19:13:52Z,Amyks vs. uya - Group B Elimination - 2017 HCT Summer Championship,1:38:11,598
210,182209080,playhearthstone,Hearthstone,2017-10-14T17:31:23Z,Trunks vs. Nalguidan - Group A Elimination - 2017 HCT Summer Championship,1:55:18,617
211,182175083,playhearthstone,Hearthstone,2017-10-14T15:00:50Z,HCT Summer Championship - Day 2,12:45:44,111255
212,182062564,playhearthstone,Hearthstone,2017-10-14T02:26:26Z,Pavel vs. Empanizado - Group D Winners - 2017 HCT Summer Championship,1:00:03,5600
213,182041225,playhearthstone,Hearthstone,2017-10-14T00:56:51Z,Surrender vs. OmegaZero - Group C Winners - 2017 HCT Summer Championship,1:34:35,2240
214,182018350,playhearthstone,Hearthstone,2017-10-13T23:18:21Z,Purple vz JasonZhou - Group B Winners - 2017 HCT Summer Championship!,1:12:28,1538
215,182002831,playhearthstone,Hearthstone,2017-10-13T22:06:59Z,OldBoy vs Tom60229 - Group A Winner's Match - 2017 HCT Summer Championship,0:59:45,1680
216,181987832,playhearthstone,Hearthstone,2017-10-13T21:01:25Z,Pavel vs SHRoyalBaiZe - Group D - 2017 HCT Summer Championship,1:10:58,11409
217,181967817,playhearthstone,Hearthstone,2017-10-13T19:39:58Z,OmegaZero vs Orange - Group C - 2017 HCT Summer Championship,1:03:27,878
218,181950913,playhearthstone,Hearthstone,2017-10-13T18:33:09Z,Purple vs uya - Group B - 2017 HCT Summer Championship,1:13:28,1033
219,181933066,playhearthstone,Hearthstone,2017-10-13T17:20:05Z,Nalguidan vs.Tom60229 - Group A - 2017 HCT Summer Championship,1:25:59,1237
220,181906777,playhearthstone,Hearthstone,2017-10-13T15:07:07Z,HCT Summer Championship - Day 1,10:54:41,26515
221,181297002,playhearthstone,Hearthstone,2017-10-10T23:29:43Z,Hearthstone Collegiate Champs Fall 2017 - Week 3,3:37:59,5184
222,181052655,playhearthstone,Hearthstone,2017-10-09T23:31:23Z,Hearthstone Collegiate Champs Fall 2017 - Week 3,3:40:03,2660
223,180159529,playhearthstone,Hearthstone,2017-10-06T16:50:57Z,"Hearthstone Oktoberbrawl Week 4 w/ Thijs, Reynad, Kripp, J4CKIECHAN, Alliestrasza, Dog",2:40:42,14759
224,179513122,playhearthstone,Hearthstone,2017-10-03T23:29:31Z,Hearthstone Collegiate Champs Fall 2017 - Week 2 !question,4:55:36,14700
225,179273610,playhearthstone,Hearthstone,2017-10-02T23:48:20Z,Hearthstone Collegiate Champs Fall 2017 - Week 2,3:57:45,2071
226,178818123,playhearthstone,Hearthstone,2017-10-01T03:52:50Z,Hearthstone Korea Major Day 3 - Exhibition Match Team Championship Finals,10:59:25,6046
227,178566280,playhearthstone,Hearthstone,2017-09-30T06:57:47Z,Hearthstone Korea Major Day 2 - Ro16 to Ro4,5:59:35,2910
228,178382750,playhearthstone,Hearthstone,2017-09-29T16:45:13Z,"Hearthstone Oktoberbrawl Week 3 w/ Thijs, Reynad, Kripp, J4CKIECHAN, Alliestrasza, Dog",2:05:53,6418
229,177755169,playhearthstone,Hearthstone,2017-09-26T23:42:49Z,Hearthstone Collegiate Champs Fall 2017 - Week 1 !question,4:06:30,2246
230,177521102,playhearthstone,Hearthstone,2017-09-25T23:39:33Z,Hearthstone Collegiate Champs Fall 2017 - Week 1 !question,4:01:28,2204
231,176667021,playhearthstone,Hearthstone,2017-09-22T16:57:22Z,"Hearthstone Oktoberbrawl w/ Thijs, Reynad, Kripp, J4CKIECHAN, Alliestrasza, Dog",2:15:13,10401
232,175471332,playhearthstone,Hearthstone,2017-09-17T15:05:21Z,HCT Americas Summer Playoffs Day 2,8:36:34,19848
233,175200431,playhearthstone,Hearthstone,2017-09-16T15:03:45Z,HCT Americas Summer Playoffs Day 1,12:23:55,20512
234,174956832,playhearthstone,Hearthstone,2017-09-15T16:58:31Z,Hearthstone Oktoberbrawl,2:34:11,11943
235,173643739,playhearthstone,Hearthstone,2017-09-10T01:45:36Z,HCT Asia-Pacific Summer Playoffs - Day 2,9:01:56,12182
236,173373410,playhearthstone,Hearthstone,2017-09-09T01:45:21Z,HCT Asia-Pacific Summer Playoffs - Day 1,10:57:31,9232
237,171903544,playhearthstone,Hearthstone,2017-09-03T07:45:05Z,HCT Europe Summer Playoffs - Day 1,13:09:53,25959
238,171638799,playhearthstone,Hearthstone,2017-09-02T07:51:19Z,HCT Europe Summer Playoffs - Day 1,13:20:26,21430
239,169932777,playhearthstone,Hearthstone,2017-08-26T13:18:55Z,Hearthstone Global Games Finals,3:16:14,35521
240,169661391,playhearthstone,Hearthstone,2017-08-25T12:16:04Z,Hearthstone Global Games Semi-Finals,5:19:00,46334
241,165156998,playhearthstone,Hearthstone,2017-08-07T17:47:24Z,Ben Brode & Brian Kibler - Card Reveals & Gameplay: Knights of the Frozen Throne,1:41:18,75966
242,162644804,playhearthstone,Hearthstone,2017-07-28T17:46:50Z,Matt Place & Day9 - Knights of the Frozen Throne Card Reveals,1:00:08,39220
243,160785586,playhearthstone,Hearthstone,2017-07-21T04:15:00Z,Hearthstone Global Games - Day 41,2:52:46,14212
244,160015243,playhearthstone,Hearthstone,2017-07-18T07:18:01Z,Hearthstone Global Games - Day 41,3:12:32,12670
245,158947524,playhearthstone,Hearthstone,2017-07-14T00:16:16Z,Hearthstone Global Games - Day 40,4:20:05,10003
246,158276806,playhearthstone,Hearthstone,2017-07-11T10:46:44Z,Hearthstone Global Games - Day 39,8:01:07,17365
247,158257524,playhearthstone,Hearthstone,2017-07-11T07:19:31Z,Hearthstone Global Games - Day 39,2:33:57,4921
248,157810109,playhearthstone,Hearthstone,2017-07-09T15:58:38Z,Kolento vs. Hoej - Final - Spring Championship 2017,0:47:56,9682
249,157804671,playhearthstone,Hearthstone,2017-07-09T15:30:43Z,Neirea vs. Kolento - Semifinals - Spring Championship 2017,1:18:40,2246
250,157800856,playhearthstone,Hearthstone,2017-07-09T15:10:49Z,Hoej vs. Ant - Semifinals - Spring Championship 2017,0:46:56,1210
251,157795907,playhearthstone,Hearthstone,2017-07-09T14:44:52Z,Rdu vs. Kolento - Quarterfinals - Spring Championship 2017,1:20:22,2271
252,157792150,playhearthstone,Hearthstone,2017-07-09T14:23:01Z,Kuonet vs. Neirea - Quarterfinals - Spring Championship 2017,1:15:22,622
253,157788734,playhearthstone,Hearthstone,2017-07-09T14:02:45Z,Mage vs. Ant - Quarterfinals - Spring Championship 2017,1:07:04,732
254,157783295,playhearthstone,Hearthstone,2017-07-09T13:30:28Z,Hoej vs. CitizenNappa - Quarterfinals - Spring Championship 2017,0:59:21,572
255,157699628,playhearthstone,Hearthstone,2017-07-09T03:03:38Z,HCT Spring Championship - Day 3,7:13:15,25635
256,157684718,playhearthstone,Hearthstone,2017-07-09T01:46:52Z,HCT Spring Championship - Day 2,1:16:17,3206
257,157553109,playhearthstone,Hearthstone,2017-07-08T15:37:58Z,[Trunks] vs. [Kolento] - Group C Match 5 - Spring Championship 2017,1:20:58,2712
258,157548874,playhearthstone,Hearthstone,2017-07-08T15:14:08Z,[Kranich] vs. [Hoej] - Group B Match 5 - Spring Championship 2017,1:29:23,1111
259,157544221,playhearthstone,Hearthstone,2017-07-08T14:48:12Z,[Neirea] vs. [muzzy] - Group A Match 5 - Spring Championship 2017,0:59:27,962
260,157534387,playhearthstone,Hearthstone,2017-07-08T13:50:36Z,[Trkuns] vs. [DiegoDias] - Group C Match 4 - Spring Championship 2017,1:26:35,296
261,157532039,playhearthstone,Hearthstone,2017-07-08T13:35:21Z,[Kranich] vs. [Dogggg] - Group B Match 4 - Spring Championship 2017,1:05:39,219
262,157530634,playhearthstone,Hearthstone,2017-07-08T13:26:26Z,[XHope] vs. [Neirea] - Group A Match 4 - Spring Championship 2017,1:04:21,362
263,157423964,playhearthstone,Hearthstone,2017-07-08T01:47:08Z,HCT Spring Championship - Day 2,9:14:44,16512
264,157285284,playhearthstone,Hearthstone,2017-07-07T15:10:33Z,Mage vs. Kolento – Group C Match 3 – 2017 Hearthstone Spring Championship,1:15:28,2389
265,157283723,playhearthstone,Hearthstone,2017-07-07T15:02:02Z,Hoej vs. Kuonet – Group B Match 3 – 2017 Hearthstone Spring Championship ,1:01:03,723
266,157282159,playhearthstone,Hearthstone,2017-07-07T14:53:07Z,muzzy vs. CitizenNappa – Group A Match 3 – 2017 Hearthstone Spring Championship,0:55:51,738
267,157281260,playhearthstone,Hearthstone,2017-07-07T14:47:19Z,JasonZhou vs. Ant – Group D Match 1 – 2017 Hearthstone Spring Championship ,1:08:16,522
268,157278653,playhearthstone,Hearthstone,2017-07-07T14:30:33Z,muzzy vs. Neirea – Group A Match 1 – 2017 Hearthstone Spring Championship,1:02:21,900
269,157276690,playhearthstone,Hearthstone,2017-07-07T14:18:03Z,XHope vs. CitizenNappa – Group A Match 2 – 2017 Hearthstone Spring Championship,0:51:39,499
270,157178077,playhearthstone,Hearthstone,2017-07-07T01:47:06Z,HCT Spring Championship - Day 1,7:40:01,39462
271,156771886,playhearthstone,Hearthstone,2017-07-05T13:17:52Z,Hearthstone Global Games - Day 38,9:50:17,12549
272,156500984,playhearthstone,Hearthstone,2017-07-04T07:17:09Z,Hearthstone Global Games - Day 37,8:10:20,11521
273,156079949,playhearthstone,Hearthstone,2017-07-02T16:31:29Z,Hearthstone Wild Open Finals Day 2,3:00:02,5071
274,155899002,playhearthstone,Hearthstone,2017-07-01T21:27:36Z,Bertik vs. MeknugetZz - Quarterfinals - 2017 Wild Open Tournament,1:09:20,6928
275,155884154,playhearthstone,Hearthstone,2017-07-01T20:23:04Z,Alb987 vs. Noriggoon - Quarterfinals - 2017 Wild Open Tournament,0:56:09,2164
276,155865083,playhearthstone,Hearthstone,2017-07-01T19:06:56Z,LvGe vs. masinc - 2017 Hearthstone Wild Open Tournament,0:59:11,1579
277,155828395,playhearthstone,Hearthstone,2017-07-01T16:31:01Z,Hearthstone Wild Open Finals Day 1,4:33:18,6285
278,155570154,playhearthstone,Hearthstone,2017-06-30T17:17:52Z,Designer Q&A: Journey to Un'Goro and Balance Change,1:16:49,22924
279,155408909,playhearthstone,Hearthstone,2017-06-30T00:21:34Z,Hearthstone Global Games - Day 36,3:23:57,8319
280,155012271,playhearthstone,Hearthstone,2017-06-28T13:18:09Z,Hearthstone Global Games - Day 35,8:53:06,15941
281,154737221,playhearthstone,Hearthstone,2017-06-27T07:16:53Z,Hearthstone Global Games - Day 34,8:24:03,9179
282,153727528,playhearthstone,Hearthstone,2017-06-23T00:19:09Z,Hearthstone Global Games - Day 32,4:19:05,6395
283,153373168,playhearthstone,Hearthstone,2017-06-21T13:17:18Z,Hearthstone Global Games - Day 32,9:21:14,11695
284,153108258,playhearthstone,Hearthstone,2017-06-20T07:16:36Z,Hearthstone Global Games - Day 31,7:32:17,7906
285,152141783,playhearthstone,Hearthstone,2017-06-16T00:23:37Z,Hearthstone Global Games - Day 30,3:03:08,6130
286,151773934,playhearthstone,Hearthstone,2017-06-14T13:18:15Z,Hearthstone Global Games - Day 29,8:34:11,8338
287,151506186,playhearthstone,Hearthstone,2017-06-13T07:20:35Z,Hearthstone Global Games - Day 28,7:27:30,12337
288,151164348,playhearthstone,Hearthstone,2017-06-11T20:58:27Z,Bertík vs. ZerO - Match 2 - Europe Wild Open Qualifiers,1:15:37,2494
289,151114355,playhearthstone,Hearthstone,2017-06-11T17:23:36Z,Hearthstone Wild Open Qualifier ,3:09:48,8646
290,150505982,playhearthstone,Hearthstone,2017-06-09T00:16:50Z,Hearthstone Global Games - Day 27,3:17:01,6788
291,150149670,playhearthstone,Hearthstone,2017-06-07T13:16:40Z,Hearthstone Global Games - Day 26,7:33:07,10609
292,149879916,playhearthstone,Hearthstone,2017-06-06T07:17:04Z,Hearthstone Global Games - Day 25,7:59:24,9860
293,149342501,playhearthstone,Hearthstone,2017-06-04T01:46:24Z,HCT Spring Playoffs - Asia-Pacific Day 2,8:28:32,13442
294,149089272,playhearthstone,Hearthstone,2017-06-03T01:47:25Z,HCT Spring Playoffs - Asia-Pacific Day 1,10:27:14,9069
295,148828339,playhearthstone,Hearthstone,2017-06-02T00:16:02Z,Hearthstone Global Games - Day 23,2:15:32,4533
296,148466284,playhearthstone,Hearthstone,2017-05-31T13:16:18Z,Hearthstone Global Games - Day 23,6:53:16,9505
297,148206338,playhearthstone,Hearthstone,2017-05-30T07:16:13Z,Hearthstone Global Games - Day 22,9:50:29,17879
298,147941397,playhearthstone,Hearthstone,2017-05-29T02:42:15Z,muzzy vs. Kuonet - Grand Finals - Spring Playoffs 2017,1:07:04,5559
299,147916871,playhearthstone,Hearthstone,2017-05-29T00:22:40Z,DiegoDias vs. muzzy - Semi Finals Match 1 - Spring Playoffs 2017,1:40:38,1530
300,147899725,playhearthstone,Hearthstone,2017-05-28T22:41:28Z,Kuonet vs. vcT - Quarter Finals Match 4 - Spring Playoffs 2017,1:26:30,1590
301,147894996,playhearthstone,Hearthstone,2017-05-28T22:13:30Z,killinallday vs. Cydonia - Round 7 Match 1 - Spring Playoffs 2017,1:24:06,306
302,147893178,playhearthstone,Hearthstone,2017-05-28T22:03:24Z,Ant vs. Astrogation - Quarter Finals Match 3 - Spring Playoffs 2017,0:50:50,339
303,147891695,playhearthstone,Hearthstone,2017-05-28T21:55:33Z,killinallday vs. Cydonia - Round 7 Match 1 - Spring Playoffs 2017,1:24:08,129
304,147890721,playhearthstone,Hearthstone,2017-05-28T21:50:08Z,DiegoDias vs. RadamD - Quarter Finals Match 2 - Spring Playoffs 2017,1:16:44,313
305,147889560,playhearthstone,Hearthstone,2017-05-28T21:43:43Z,muzzy vs. Stark - Quarter Finals Match 1 - Spring Playoffs 2017,0:50:24,797
306,147883521,playhearthstone,Hearthstone,2017-05-28T21:12:31Z,killinallday vs. Cydonia - Round 7 Match 1 - Spring Playoffs 2017,1:24:06,132
307,147812402,playhearthstone,Hearthstone,2017-05-28T15:45:46Z,HCT Americas Spring Playoffs - Day 2,10:16:06,12589
308,147722271,playhearthstone,Hearthstone,2017-05-28T04:39:18Z,DiegoDias vs. muzzy - Round 6 Match 2 - Spring Playoffs 2017,1:23:24,1547
309,147708714,playhearthstone,Hearthstone,2017-05-28T03:15:08Z,Ant vs. rayC - Round 6 Match 1 - Spring Playoffs 2017,0:46:04,612
310,147698324,playhearthstone,Hearthstone,2017-05-28T02:14:45Z,Fenom vs. Stark - Round 5 Match 1 - Spring Playoffs 2017 ,1:17:04,269
311,147680896,playhearthstone,Hearthstone,2017-05-28T00:38:58Z,Cydonia vs. Monsanto - Round 4 Match 1 - Spring Playoffs 2017,1:46:02,336
312,147648742,playhearthstone,Hearthstone,2017-05-27T22:23:22Z,DocPwn vs. dog - Round 3 Match 2 - Spring Playoffs 2017 ,0:49:32,534
313,147644007,playhearthstone,Hearthstone,2017-05-27T21:58:47Z,Damon vs. Fr0zen - Round 2 Match 1 - Spring Playoffs 2017,1:32:10,861
314,147635589,playhearthstone,Hearthstone,2017-05-27T21:17:20Z,Amnesiasc vs. wtybill - Round 1 Match 1- Spring Playoffs 2017 ,1:25:56,614
315,147551706,playhearthstone,Hearthstone,2017-05-27T14:45:42Z,HCT Americas Spring Playoffs - Day 1,13:52:52,12194
316,147191157,playhearthstone,Hearthstone,2017-05-26T00:19:02Z,Hearthstone Global Games - Day 21,3:47:41,6626
317,146840589,playhearthstone,Hearthstone,2017-05-24T13:17:20Z,Hearthstone Global Games - Day 20,7:57:30,13162
318,146542282,playhearthstone,Hearthstone,2017-05-23T07:15:47Z,Hearthstone Global Games - Day 19,8:04:32,9212
319,145803622,playhearthstone,Hearthstone,2017-05-21T07:45:35Z,HCT Europe Spring Playoffs - Day 2,10:01:05,24895
320,145393343,playhearthstone,Hearthstone,2017-05-20T07:45:42Z,HCT Europe Spring Playoffs - Day 1,12:13:38,25918
321,144942277,playhearthstone,Hearthstone,2017-05-19T00:18:56Z,Hearthstone Global Games - Day 18,3:39:04,9436
322,144527799,playhearthstone,Hearthstone,2017-05-17T13:16:42Z,Hearthstone Global Games - Day 17,8:15:55,12864
323,144254715,playhearthstone,Hearthstone,2017-05-16T07:16:45Z,Hearthstone Global Games - Day 16,8:57:24,13071
324,143221619,playhearthstone,Hearthstone,2017-05-14T03:31:28Z,Hearthstone Japan Major - Playoffs (Finals in Tokyo),10:48:19,4564
325,141912433,playhearthstone,Hearthstone,2017-05-12T00:16:55Z,Hearthstone Global Games - Day 15,4:22:21,9752
326,141519075,playhearthstone,Hearthstone,2017-05-10T13:16:28Z,Hearthstone Global Games - Day 14,8:00:08,15226
327,141281035,playhearthstone,Hearthstone,2017-05-09T12:46:42Z,Hearthstone Global Games - Day 13,3:41:16,13841
328,141249989,playhearthstone,Hearthstone,2017-05-09T07:27:18Z,Hearthstone Global Games - Day 13,5:03:51,11307
329,140168672,playhearthstone,Hearthstone,2017-05-05T00:17:02Z,Hearthstone Global Games - Day 12,3:21:37,10888
330,139809861,playhearthstone,Hearthstone,2017-05-03T13:16:47Z,Hearthstone Global Games - Day 11,10:48:13,21468
331,139543722,playhearthstone,Hearthstone,2017-05-02T07:21:09Z,Hearthstone Global Games - Day 10,9:46:06,25785
332,138538167,playhearthstone,Hearthstone,2017-04-28T00:16:01Z,Hearthstone Global Games - Day 9,4:03:28,14042
333,138210849,playhearthstone,Hearthstone,2017-04-26T13:23:10Z,Hearthstone Global Games - Day 8,8:56:26,17544
334,137962800,playhearthstone,Hearthstone,2017-04-25T07:25:56Z,Hearthstone Global Games - Day 7,8:38:58,24342
335,137717996,playhearthstone,Hearthstone,2017-04-24T02:43:49Z,Polytechnique Montréal vs Rutgers - TCS: Hearthstone Finals,2:38:14,3141
336,137717236,playhearthstone,Hearthstone,2017-04-24T02:38:51Z,UT San Antonio vs Rutgers - TCS: Hearthstone Semi Finals,1:22:04,521
337,137716265,playhearthstone,Hearthstone,2017-04-24T02:32:59Z,Shawnee State vs Polytechnique Montréal - TCS: Hearthstone Semi Finals,1:48:59,292
338,137591392,playhearthstone,Hearthstone,2017-04-23T16:15:10Z,"Collegiate National Championships! $160,000 in Scholarship Prizing <!commands>",7:00:04,5547
339,137492332,playhearthstone,Hearthstone,2017-04-23T04:07:32Z,UC Riverside vs Rutgers - TCS: Hearthstone Quarter Finals,2:01:30,1497
340,137490029,playhearthstone,Hearthstone,2017-04-23T03:54:05Z,UT San Antonio vs Colorado State - TCS: Hearthstone Quarter Finals,2:25:20,515
341,137489028,playhearthstone,Hearthstone,2017-04-23T03:48:12Z,Polytechnique Montréal vs North Carolina - TCS: Hearthstone Quarter Finals,2:13:37,361
342,137483706,playhearthstone,Hearthstone,2017-04-23T03:17:48Z,Shawnee State vs UC Berkeley - TCS: Hearthstone Quarter Finals,2:02:42,309
343,137342074,playhearthstone,Hearthstone,2017-04-22T16:20:40Z,"Collegiate National Championships! $160,000 in Scholarship Prizing",9:38:51,5708
344,136971775,playhearthstone,Hearthstone,2017-04-21T00:16:44Z,Hearthstone Global Games - Day 6,3:32:09,12865
345,136640395,playhearthstone,Hearthstone,2017-04-19T13:19:13Z,Hearthstone Global Games - Day 5,7:54:16,40216
346,136399032,playhearthstone,Hearthstone,2017-04-18T07:22:07Z,Hearthstone Global Games - Day 4,8:17:55,27662
347,135449141,playhearthstone,Hearthstone,2017-04-14T00:28:32Z,Hearthstone Global Games - Day 3,3:51:49,26586
348,135110790,playhearthstone,Hearthstone,2017-04-12T13:17:04Z,Hearthstone Global Games - Day 2,7:34:52,47795
349,134861065,playhearthstone,Hearthstone,2017-04-11T07:18:19Z,Hearthstone Global Games - Day 1,9:28:16,63686
350,134775933,playhearthstone,Hearthstone,2017-04-10T21:48:15Z,UC Riverside vs UC Santa Cruz - TCS: Hearthstone Regional Playoffs,0:48:08,1273
351,134774609,playhearthstone,Hearthstone,2017-04-10T21:40:44Z,Florida vs UNC Chapel Hill - TCS: Hearthstone Regional Playoffs,1:00:02,302
352,134771007,playhearthstone,Hearthstone,2017-04-10T21:20:42Z,UH Victoria vs UT San Antonio - TCS: Hearhtstone Regional Playoffs,1:25:14,228
353,134769352,playhearthstone,Hearthstone,2017-04-10T21:11:27Z,Queen's U vs Shawnee - TCS: Hearthstone Regional Playoffs,1:21:25,215
354,134768506,playhearthstone,Hearthstone,2017-04-10T21:07:06Z,Illinois vs Colorado State - TCS: Hearthstone Regional Playoffs,0:46:47,198
355,134766993,playhearthstone,Hearthstone,2017-04-10T20:59:39Z,Tufts vs Polytechnique Montréal - TCS: Hearthstone Regional Playoffs,1:22:20,180
356,134756289,playhearthstone,Hearthstone,2017-04-10T20:04:31Z,Rutgers vs Vassar - TCS: Hearthstone Regional Playoffs,0:53:12,179
357,134746070,playhearthstone,Hearthstone,2017-04-10T19:15:04Z,Cal Poly Pomona vs UC Riverside - TCS: Hearthstone Regional Playoffs ,1:12:43,141
358,134736244,playhearthstone,Hearthstone,2017-04-10T18:28:31Z,Duke vs Florida - TCS: Hearthstone Regional Playoffs,0:54:56,190
359,134726778,playhearthstone,Hearthstone,2017-04-10T17:42:39Z,Maryland vs Polytechnique Montréal - TCS: Hearthstone Regional Playoffs,2:00:33,212
360,134722602,playhearthstone,Hearthstone,2017-04-10T17:20:32Z,Miami Ohio vs Michigan - TCS: Hearthstone Regional Playoffs,1:12:24,121
361,134720819,playhearthstone,Hearthstone,2017-04-10T17:10:52Z,Rutgers vs Columbia - TCS: Hearthstone Regional Playoffs,1:18:40,251
362,134490866,playhearthstone,Hearthstone,2017-04-09T15:25:09Z,Hearthstone Collegiate Championships Top 64 Bracket Day 2,9:23:18,4175
363,134257496,playhearthstone,Hearthstone,2017-04-08T15:35:29Z,Hearthstone Collegiate Championships Top 64 Bracket Day 1,7:27:19,2263
364,132483440,playhearthstone,Hearthstone,2017-03-31T17:08:24Z,Journey to Un'Goro Final Reveal Stream,1:18:25,80336
365,131427834,playhearthstone,Hearthstone,2017-03-26T20:21:05Z,fr0zen vs. ShtanUdachi - Final - Winter Championship 2017,1:11:12,140646
366,131426155,playhearthstone,Hearthstone,2017-03-26T20:13:20Z,DocPwn vs. fr0zen - Semifinals - Winter Championship 2017,1:00:31,2365
367,131425539,playhearthstone,Hearthstone,2017-03-26T20:10:29Z,SamuelTsao vs. ShtanUdachi - Semifinals - Winter Championship 2017,1:25:45,1866
368,131363475,playhearthstone,Hearthstone,2017-03-26T15:45:55Z,HCT Winter Championship Semifinals - ShtanUdachi vs. Samuel Tsao(Bo7),4:19:30,19082
369,131270970,playhearthstone,Hearthstone,2017-03-26T03:55:47Z,Tarei vs. DocPwn - Ro8 - Winter Championship 2017,1:47:54,4878
370,131270140,playhearthstone,Hearthstone,2017-03-26T03:50:49Z,LvGe vs. SamuelTsao - Ro8 - Winter Championship 2017,1:24:05,2256
371,131268013,playhearthstone,Hearthstone,2017-03-26T03:38:17Z,fr0zen vs. Neirea - Ro8 - Winter Championship 2017,1:34:09,3505
372,131266819,playhearthstone,Hearthstone,2017-03-26T03:31:55Z,ShtanUdachi vs. LovelyChook - Ro8 - Winter Championship 2017,0:45:34,2561
373,131266306,playhearthstone,Hearthstone,2017-03-26T03:29:15Z,SamuelTsao vs. Greensheep - Group D Match 5 - Winter Championship 2017,1:37:41,649
374,131265313,playhearthstone,Hearthstone,2017-03-26T03:23:57Z,DocPwn vs. Pavel - Group C Match 5 - Winter Championship 2017,2:02:19,2095
375,131264498,playhearthstone,Hearthstone,2017-03-26T03:19:16Z,Palmblad vs. LovelyChook - Group B Match 5 - Winter Championship 2017,1:27:09,361
376,131263734,playhearthstone,Hearthstone,2017-03-26T03:15:11Z,fr0zen vs. XHope - Group A Match 5 - Winter Championship 2017,2:07:23,707
377,131090008,playhearthstone,Hearthstone,2017-03-25T13:46:02Z,HCT Winter Championship Day 2 - Group D Elimination - GreenSheep vs. OmegaZero (Bo7),13:23:02,20358
378,131022027,playhearthstone,Hearthstone,2017-03-25T04:06:51Z,SamuelTsao vs. Tarei - Group D Match 3 - Winter Championship 2017,2:25:56,1955
379,131020817,playhearthstone,Hearthstone,2017-03-25T04:00:38Z,Pavel vs. Yulsic - Group C Match 4 - Winter Championship 2017,0:55:39,3971
380,131019197,playhearthstone,Hearthstone,2017-03-25T03:51:14Z,LvGe vs. DocPwn - Group C Match 3 - Winter Championship 2017,1:08:00,887
381,131018450,playhearthstone,Hearthstone,2017-03-25T03:47:08Z,GreenSheep vs. Tarei - Group D Match 2 - Winter Championship 2017,1:17:16,1109
382,131017714,playhearthstone,Hearthstone,2017-03-25T03:42:55Z,OmegaZero vs. SamuelTsao - Group D Match 1 - Winter Championship 2017,2:43:57,837
383,131014731,playhearthstone,Hearthstone,2017-03-25T03:27:20Z,DocPwn vs. Yulsic - Group C Match 2 - Winter Championship 2017,1:57:59,618
384,131014168,playhearthstone,Hearthstone,2017-03-25T03:24:26Z,Pavel vs. LvGe - Group C Match 1 - Winter Championship 2017,1:43:02,1801
385,131012980,playhearthstone,Hearthstone,2017-03-25T03:18:12Z,HCT Winter Championship -- Journey to Un'Goro Card Reveal,0:51:11,2167
386,130838245,playhearthstone,Hearthstone,2017-03-24T12:46:25Z,HCT Winter Championship Day 1 - Group B Elimination - DrJikininki vs. LovelyChook (Bo7),14:19:17,27445
387,130785603,playhearthstone,Hearthstone,2017-03-24T03:19:20Z,DrJikininki vs. LovelyChook - Group B Match 4 - Winter Championship 2017,1:38:05,2732
388,130784926,playhearthstone,Hearthstone,2017-03-24T03:15:19Z,Neirea vs. Palmblad - Group B Match 3 - Winter Championship 2017,1:11:20,2148
389,130782707,playhearthstone,Hearthstone,2017-03-24T03:02:19Z,b787 vs. XHope - Group A Match 4 - Winter Championship 2017,1:21:48,955
390,130781461,playhearthstone,Hearthstone,2017-03-24T02:55:18Z,ShtanUdachi vs. fr0zen - Group A Match 3 - Winter Championship 2017,0:53:11,2368
391,130780369,playhearthstone,Hearthstone,2017-03-24T02:48:43Z,LovelyChook vs. Palmblad - Group B Match 2 - Winter Championship 2017,1:21:32,487
392,130779078,playhearthstone,Hearthstone,2017-03-24T02:41:16Z,DrJikininki vs. Neirea - Group B Match 1 - Winter Championship 2017,1:38:05,1030
393,130777955,playhearthstone,Hearthstone,2017-03-24T02:34:44Z,ShtanUdachi vs. XHope - Group A Match 2 - Winter Championship 2017,1:25:25,972
394,130776407,playhearthstone,Hearthstone,2017-03-24T02:26:09Z,b787 vs. fr0zen - Group A Match 1 - Winter Championship 2017,2:13:36,1462
395,130630853,playhearthstone,Hearthstone,2017-03-23T13:46:21Z,HCT Winter Championship Day 1,12:24:01,31918
396,129436723,playhearthstone,Hearthstone,2017-03-18T04:04:05Z,Journey to Un'Goro Card Reveals - The Journey Begins!,0:49:04,12131
397,129302430,playhearthstone,Hearthstone,2017-03-17T17:48:09Z,Journey to Un'Goro Card Reveals - The Journey Begins!,1:04:17,98233
398,128785040,playhearthstone,Hearthstone,2017-03-15T03:58:15Z,Robert Morris vs Waterloo - TCS: Hearthstone Week 7,1:19:05,1213
399,128784627,playhearthstone,Hearthstone,2017-03-15T03:55:12Z,Colorado State vs Miami Ohio - TCS: Hearthstone Week 7,1:04:31,632
400,128784028,playhearthstone,Hearthstone,2017-03-15T03:50:59Z,George Wash vs Penn State - TCS: Hearthstone Week 7,1:13:13,278
401,128734774,playhearthstone,Hearthstone,2017-03-14T23:31:39Z,Hearthstone Collegiate National Champs - $160K,4:15:34,4473
402,128584880,playhearthstone,Hearthstone,2017-03-14T07:08:53Z,UBC vs Alberta - TCS: Hearthstone Week 7,1:07:32,313
403,128584795,playhearthstone,Hearthstone,2017-03-14T07:07:48Z,UC San Diego vs UC Berkeley - TCS: Hearthstone Week 7,0:57:05,171
404,128584387,playhearthstone,Hearthstone,2017-03-14T07:03:06Z,Chapel Hill vs NC State - TCS: Hearthstone Week 7,1:23:15,178
405,128511923,playhearthstone,Hearthstone,2017-03-13T23:30:40Z,Hearthstone Collegiate National Champs - $160K,4:07:39,1345
406,127220849,playhearthstone,Hearthstone,2017-03-08T08:20:25Z,Miami Ohio vs Notre Dame - TCS: Hearthstone Week 6,1:36:38,512
407,127220541,playhearthstone,Hearthstone,2017-03-08T08:16:11Z,Carleton vs Michigan - TCS: Hearthstone Week 6,1:19:42,326
408,127219346,playhearthstone,Hearthstone,2017-03-08T08:01:16Z,Penn State vs Sherbrooke - TCS: Hearthstone Week 6,1:41:26,189
409,127151328,playhearthstone,Hearthstone,2017-03-08T00:30:27Z,Hearthstone Collegiate National Champs - $160K,5:17:46,1512
410,126991202,playhearthstone,Hearthstone,2017-03-07T06:18:22Z,UC Berkeley vs UC Berkeley - TCS: Hearthstone Week 6,1:46:18,252
411,126990649,playhearthstone,Hearthstone,2017-03-07T06:13:39Z,NCSU vs UT Austin - TCS: Hearthstone Week 6,1:15:00,167
412,126989340,playhearthstone,Hearthstone,2017-03-07T06:02:06Z,Georgia State vs Duke - TCS: Hearthstone Week 6,1:26:17,153
413,126931358,playhearthstone,Hearthstone,2017-03-07T00:30:58Z,Hearthstone Collegiate National Champs - $160K,5:07:03,1096
414,125543085,playhearthstone,Hearthstone,2017-03-01T05:10:12Z,Colorado State vs Northwestern - TCS: Hearthstone Week 5,1:20:11,550
415,125542807,playhearthstone,Hearthstone,2017-03-01T05:08:16Z,UConn vs NJ IT - TCS: Hearthstone Week 5,1:07:21,254
416,125542556,playhearthstone,Hearthstone,2017-03-01T05:06:24Z,VCU vs Northeastern - TCS: Hearthstone Week 5,0:52:42,237
417,125499102,playhearthstone,Hearthstone,2017-03-01T01:19:13Z,Hearthstone Collegiate National Champs - $160K,3:30:14,1509
418,125321363,playhearthstone,Hearthstone,2017-02-28T05:07:53Z,UC Berkeley vs Simon Fraser - TCS: Hearthstone Week 5,1:08:03,349
419,125321061,playhearthstone,Hearthstone,2017-02-28T05:06:39Z,UC San Diego vs UC Berkeley - TCS: Hearthstone Week 5,0:53:15,143
420,125320059,playhearthstone,Hearthstone,2017-02-28T05:02:28Z,UT Dallas vs Georgia State - TCS: Hearthstone Week 5,1:04:37,137
421,125318886,playhearthstone,Hearthstone,2017-02-28T04:57:06Z,UOIT vs Colorado State  - TCS: Hearthstone Week 4,2:19:17,104
422,125286962,playhearthstone,Hearthstone,2017-02-28T02:01:31Z,UT Dallas vs UT Dallas - TCS: Hearthstone Week 1,0:57:02,118
423,125268886,playhearthstone,Hearthstone,2017-02-28T00:32:35Z,Hearthstone Collegiate National Champs - $160K,3:43:42,1015
424,124803287,playhearthstone,Hearthstone,2017-02-26T01:45:36Z,#HCT Asia-Pacific Winter Playoffs - Day 2 (Top 8),7:33:42,16471
425,124531017,playhearthstone,Hearthstone,2017-02-25T01:45:41Z,#HCT Asia-Pacific Winter Playoffs - Day 1 (Swiss),11:25:53,9903
426,123818910,playhearthstone,Hearthstone,2017-02-22T00:37:35Z,Hearthstone Collegiate National Champs - $160K,4:48:25,3078
427,123747776,playhearthstone,Hearthstone,2017-02-21T18:51:10Z,Live Stream Q&A – Year of the Mammoth,1:11:08,15628
428,123594219,playhearthstone,Hearthstone,2017-02-21T00:30:31Z,Hearthstone Collegiate National Champs - $160K,4:45:00,2196
429,123257082,playhearthstone,Hearthstone,2017-02-19T16:45:48Z,Hearthstone Championship Tour (HCT) Americas Winter Playoffs - Day 1,6:33:31,18056
430,122979602,playhearthstone,Hearthstone,2017-02-18T15:46:02Z,Hearthstone Championship Tour (HCT) Americas Winter Playoffs - Day 1,12:45:57,30351
431,122161413,playhearthstone,Hearthstone,2017-02-15T00:30:32Z,Hearthstone Collegiate National Champs - $160K ,4:24:40,2499
432,121945229,playhearthstone,Hearthstone,2017-02-14T00:33:22Z,Hearthstone Collegiate National Champs - $160K ,5:11:54,2372
433,121559556,playhearthstone,Hearthstone,2017-02-12T10:00:30Z,Hearthstone Championship Tour (HCT) Europe Winter Playoffs - Day 2,9:13:58,24465
434,121306415,playhearthstone,Hearthstone,2017-02-11T12:32:07Z,[Broadcast is delayed until 14:30 CET] Hearthstone Championship Tour (HCT) Europe Winter Preliminary Playoff - Day 1,11:28:22,20464
435,120486858,playhearthstone,Hearthstone,2017-02-08T01:11:23Z,"Hearthstone Collegiate National Championship Week 2 - $160,000 in Scholarship Prizing",3:59:22,2757
436,120255590,playhearthstone,Hearthstone,2017-02-07T00:33:18Z,"Hearthstone Collegiate National Championship Week 2 - $160,000 in Scholarship Prizing",4:53:03,1331
437,118807791,playhearthstone,Hearthstone,2017-02-01T00:32:51Z,"Hearthstone Collegiate National Championship Week 1 - $160,000 in Scholarship Prizing",3:35:17,1792
438,118581074,playhearthstone,Hearthstone,2017-01-31T00:34:09Z,"Hearthstone Collegiate National Championship Week 1 - $160,000 in Scholarship Prizing",3:41:37,1538
439,118263228,playhearthstone,Hearthstone,2017-01-29T17:10:09Z,"Collegiate Training Ground Finals! $50,000 in Scholarships",4:29:46,1287
440,114451425,playhearthstone,Hearthstone: Heroes of Warcraft,2017-01-13T16:47:06Z,Developer Insights: Livestream Q&A!,1:14:05,31360
441,104028628,playhearthstone,Hearthstone: Heroes of Warcraft,2016-11-29T00:43:04Z,Mean Streets of Gadgetzan Live Stream!,1:23:06,10979
442,103953957,playhearthstone,Hearthstone: Heroes of Warcraft,2016-11-28T17:51:05Z,Mean Streets of Gadgetzan Live Stream!,1:23:06,111720
443,102088950,playhearthstone,Hearthstone: Heroes of Warcraft,2016-11-19T19:30:24Z,"Collegiate Hearthstone - $50,000 in Scholarship Prizing -  Regional Semifinals",6:44:19,6641
444,101318642,playhearthstone,Hearthstone: Heroes of Warcraft,2016-11-16T00:18:39Z,"Collegiate Hearthstone - $50,000 in Scholarship Prizing -  Regional Semifinals",5:11:42,2583
445,101129236,playhearthstone,Hearthstone: Heroes of Warcraft,2016-11-15T00:30:00Z,"Collegiate Hearthstone - $50,000 in Scholarship Prizing -  Regional Semifinals",4:42:02,1767
446,99926815,playhearthstone,Hearthstone: Heroes of Warcraft,2016-11-09T00:32:22Z,"Collegiate Hearthstone - $50,000 in Scholarship Prizing -  Week 5",4:16:02,2725
447,99737910,playhearthstone,Hearthstone: Heroes of Warcraft,2016-11-08T00:38:58Z,"Collegiate Hearthstone - $50,000 in Scholarship Prizing -  Week 5",4:30:14,2750
448,99218488,playhearthstone,Hearthstone: Heroes of Warcraft,2016-11-05T17:24:26Z,Hearthstone World Championship - Semifinals,4:52:36,39800
449,98981619,playhearthstone,Hearthstone: Heroes of Warcraft,2016-11-04T17:37:36Z,Hearthstone World Championship - Quarterfinals,10:03:34,61418
450,98014237,playhearthstone,Hearthstone: Heroes of Warcraft,2016-10-30T15:02:47Z,Hearthstone World Championship - Group Stage - Day 5,6:37:25,31929
451,97806961,playhearthstone,Hearthstone: Heroes of Warcraft,2016-10-29T15:05:19Z,Hearthstone World Championship - Group Stage - Day 4,7:52:47,32170
452,97628384,playhearthstone,Hearthstone: Heroes of Warcraft,2016-10-28T18:17:09Z,Hearthstone World Championship - Group Stage - Day 3,7:40:03,26952
453,97477623,playhearthstone,Hearthstone: Heroes of Warcraft,2016-10-27T21:05:19Z,Hearthstone World Championship - Group Stage - Day 2,2:22:13,20124
454,97440808,playhearthstone,Hearthstone: Heroes of Warcraft,2016-10-27T17:17:08Z,Hearthstone World Championship - Group Stage - Day 2,4:52:41,34188
455,97255459,playhearthstone,Hearthstone: Heroes of Warcraft,2016-10-26T15:32:21Z,Hearthstone World Championship - Group Stage - Day 1,7:26:57,61860
456,97156573,playhearthstone,Hearthstone: Heroes of Warcraft,2016-10-25T23:35:25Z,"Tespa Collegiate Hearthstone - $50,000 In Scholarships - Group Stage Week 4",4:24:51,4607
457,96978811,playhearthstone,Hearthstone: Heroes of Warcraft,2016-10-24T23:19:13Z,"Tespa Collegiate Hearthstone - $50,000 In Scholarships - Group Stage Week 4",5:01:53,6112
458,95789707,playhearthstone,Hearthstone: Heroes of Warcraft,2016-10-18T23:14:57Z,Tespa Collegiate Hearthstone - Group Stage Week 3 with StrifeCro & Admirable,5:24:31,10369
459,95604991,playhearthstone,Hearthstone: Heroes of Warcraft,2016-10-18T00:03:15Z,Tespa Collegiate Hearthstone - Group Stage Week 3,4:01:16,4559
460,95102738,playhearthstone,Hearthstone: Heroes of Warcraft,2016-10-15T15:15:25Z,#HCT Americas Last Call Invitational,9:50:12,31770
461,94044541,playhearthstone,Hearthstone: Heroes of Warcraft,2016-10-10T02:15:24Z,#HCT Asia-Pacific Last Call Invitational,9:57:29,14962
462,93690011,playhearthstone,Hearthstone: Heroes of Warcraft,2016-10-08T11:52:16Z,#HCT Europe Last Call Invitational,9:51:02,27329
463,92532949,playhearthstone,Hearthstone: Heroes of Warcraft,2016-10-02T03:00:55Z,#HCT Asia-Pacific Summer Championship - Quarterfinals,5:24:18,10803
464,92327769,playhearthstone,Hearthstone: Heroes of Warcraft,2016-10-01T03:00:39Z,#HCT Asia-Pacific Summer Championship - Quarterfinals,6:52:55,11645
465,91328311,playhearthstone,Hearthstone: Heroes of Warcraft,2016-09-25T15:00:35Z,#HCT Europe Summer Championship — Day 2,5:04:59,15785
466,91127659,playhearthstone,Hearthstone: Heroes of Warcraft,2016-09-24T15:01:05Z,#HCT Europe Summer Championship,7:35:04,36335
467,90065644,playhearthstone,Hearthstone: Heroes of Warcraft,2016-09-18T15:55:47Z,#HCT Americas Summer Championship Quarterfinals!,3:56:40,15037
468,90057021,playhearthstone,Hearthstone: Heroes of Warcraft,2016-09-18T15:01:05Z,#HCT Americas Summer Championship Quarterfinals!,0:45:08,1131
469,89912771,playhearthstone,Hearthstone: Heroes of Warcraft,2016-09-17T20:16:44Z,#HCT Americas Summer Championship Quarterfinals!,1:54:32,4719
470,89854907,playhearthstone,Hearthstone: Heroes of Warcraft,2016-09-17T15:00:35Z,#HCT Americas Summer Championship Quarterfinals!,4:50:12,8577
471,88745595,playhearthstone,Hearthstone: Heroes of Warcraft,2016-09-11T05:31:58Z,#HCT Japan Summer Preliminary Semi & Finals,5:38:16,3318
472,88537436,playhearthstone,Hearthstone: Heroes of Warcraft,2016-09-10T04:01:17Z,#HCT Japan Summer Preliminary Day 1,8:15:31,2458
473,88213280,playhearthstone,Hearthstone: Heroes of Warcraft,2016-09-08T08:49:14Z,#HCT Australia & New Zealand Season 3 Preliminary Finals,4:43:41,2777
474,85895933,playhearthstone,Hearthstone: Heroes of Warcraft,2016-08-27T00:53:39Z,#HCT Australia & New Zealand Season 3 Preliminary Finals,8:44:51,6309
475,85790023,playhearthstone,Hearthstone: Heroes of Warcraft,2016-08-26T13:54:36Z,Masters Korea season 6 finals Flurry vs Ghost,2:33:50,2105
476,84892478,playhearthstone,Hearthstone: Heroes of Warcraft,2016-08-21T16:00:36Z,#HCT Americas Summer Preliminary,10:22:15,24184
477,84699212,playhearthstone,Hearthstone: Heroes of Warcraft,2016-08-20T16:34:01Z,#HCT Americas Summer Preliminary,9:16:33,19002
478,83907643,playhearthstone,Hearthstone: Heroes of Warcraft,2016-08-16T08:48:19Z,#HCT - Europe Summer Preliminary Day 2,1:33:36,3763
479,83723178,playhearthstone,Hearthstone: Heroes of Warcraft,2016-08-15T08:45:49Z,#HCT - Europe Summer Preliminary Day 2,1:41:17,3903
480,83551423,playhearthstone,Hearthstone: Heroes of Warcraft,2016-08-14T11:24:12Z,#HCT - Europe Summer Preliminary Day 2,9:09:45,15604
481,83360523,playhearthstone,Hearthstone: Heroes of Warcraft,2016-08-13T11:16:03Z,#HCT - Europe Summer Preliminary Day 1,10:06:46,42641
482,82588360,playhearthstone,Hearthstone: Heroes of Warcraft,2016-08-09T08:46:39Z,OGN Hearthstone Masters,2:27:15,3340
483,82232380,playhearthstone,Hearthstone: Heroes of Warcraft,2016-08-07T08:47:39Z,OGN Hearthstone Masters,3:04:48,5741
484,81317044,playhearthstone,Hearthstone: Heroes of Warcraft,2016-08-02T08:50:11Z,[LIVE] OGN Masters Season 6,2:11:45,7057
485,80956892,playhearthstone,Hearthstone: Heroes of Warcraft,2016-07-31T09:04:22Z,OGN Hearthstone Masters,2:38:40,3039
486,80582512,playhearthstone,Hearthstone: Heroes of Warcraft,2016-07-29T05:38:51Z,Special Hearthstone Announcement at ChinaJoy,0:56:30,82575
487,80061320,playhearthstone,Hearthstone: Heroes of Warcraft,2016-07-26T08:48:24Z,Grand Finals - #HCT Americas Spring Championship,2:24:23,6462
488,79718369,playhearthstone,Hearthstone: Heroes of Warcraft,2016-07-24T08:48:07Z,Grand Finals - #HCT Americas Spring Championship,2:33:54,2413
489,78852580,playhearthstone,Hearthstone: Heroes of Warcraft,2016-07-19T08:50:13Z,Grand Finals - #HCT Americas Spring Championship,2:18:24,2869
490,78505263,playhearthstone,Hearthstone: Heroes of Warcraft,2016-07-17T08:47:56Z,Grand Finals - #HCT Americas Spring Championship,2:23:12,2676
491,74648637,playhearthstone,Hearthstone: Heroes of Warcraft,2016-06-26T15:00:49Z,#HCT Americas Spring Championship - Day 2,5:39:11,19834
492,74453243,playhearthstone,Hearthstone: Heroes of Warcraft,2016-06-25T15:00:53Z,Quarterfinals - #HCT Americas Spring Championship,6:08:29,17805
493,73256017,playhearthstone,Hearthstone: Heroes of Warcraft,2016-06-19T03:00:35Z,#HCT Asia-Pacific Spring Championship - Day 2,4:31:40,10861
494,73063068,playhearthstone,Hearthstone: Heroes of Warcraft,2016-06-18T03:00:35Z, #HCT Asia-Pacific Spring Championship - Day 1,6:30:11,8881
495,72033263,playhearthstone,Hearthstone: Heroes of Warcraft,2016-06-12T15:02:37Z,#HCT Europe Spring Championship - Day 2,4:37:28,30775
496,71833723,playhearthstone,Hearthstone: Heroes of Warcraft,2016-06-11T15:00:34Z,#HCT Europe Spring Championship - Day 1,7:02:44,27639
497,71042822,playhearthstone,Hearthstone: Heroes of Warcraft,2016-06-07T08:52:22Z,Korea Preliminary day 1,4:34:12,9538
498,70849302,playhearthstone,Hearthstone: Heroes of Warcraft,2016-06-06T07:52:56Z,Japan Preliminary day 2,4:51:25,2228
499,70633733,playhearthstone,Hearthstone: Heroes of Warcraft,2016-06-05T05:07:47Z,Japan Preliminary day 2,4:12:07,2373
500,69083193,playhearthstone,Hearthstone: Heroes of Warcraft,2016-05-28T09:53:05Z,OGN Masters Korea - semi finals,2:32:52,3452
501,68298205,playhearthstone,Hearthstone: Heroes of Warcraft,2016-05-24T08:44:37Z,OGN Masters Korea - semi finals,2:05:58,4619
502,67963099,playhearthstone,Hearthstone: Heroes of Warcraft,2016-05-22T16:27:27Z,#HCT -  Americas Spring Preliminary Day 2,8:49:37,57525
503,67846889,playhearthstone,Hearthstone: Heroes of Warcraft,2016-05-22T00:51:29Z,#HCT - Australia/New Zealand Spring Preliminary,5:37:47,12132
504,67752691,playhearthstone,Hearthstone: Heroes of Warcraft,2016-05-21T16:16:21Z,#HCT - Americas Spring Preliminary Day 1,8:24:50,20067
505,66941201,playhearthstone,Hearthstone: Heroes of Warcraft,2016-05-17T08:47:30Z,#HCT - Europe Spring Preliminary Day 2,2:14:40,6318
506,66570464,playhearthstone,Hearthstone: Heroes of Warcraft,2016-05-15T11:29:04Z,#HCT - Europe Spring Preliminary Day 2,10:21:04,35726
507,66357384,playhearthstone,Hearthstone: Heroes of Warcraft,2016-05-14T11:18:40Z,#HCT - Europe Spring Preliminary Day 1,10:00:49,25113
508,65610893,playhearthstone,Hearthstone: Heroes of Warcraft,2016-05-10T08:46:54Z,Seoul Cup Hearthstone World Invitational,2:11:28,4075
509,65257684,playhearthstone,Hearthstone: Heroes of Warcraft,2016-05-08T08:50:00Z,Seoul Cup Hearthstone World Invitational,2:50:50,2231
510,63862210,playhearthstone,Hearthstone: Heroes of Warcraft,2016-05-01T04:50:29Z,Seoul Cup Hearthstone World Invitational,4:07:33,12674
511,63662992,playhearthstone,Hearthstone: Heroes of Warcraft,2016-04-30T07:18:37Z,Seoul Cup Hearthstone World Invitational,5:52:02,107757
512,61958673,playhearthstone,Hearthstone: Heroes of Warcraft,2016-04-21T16:56:05Z,Whispers of the Old Gods Livestream,1:17:14,154462
513,56906066,playhearthstone,Hearthstone: Heroes of Warcraft,2016-03-27T03:30:13Z,Hearthstone Asia-Pacific Winter Championship - Day 2,6:50:22,21724
514,56688039,playhearthstone,Hearthstone: Heroes of Warcraft,2016-03-26T03:31:39Z,Hearthstone Asia-Pacific Winter Championship - Day 2,6:09:13,16124
515,56469765,playhearthstone,Hearthstone: Heroes of Warcraft,2016-03-25T03:31:58Z,Hearthstone Asia-Pacific Winter Championship - Day 1,5:53:52,17093
516,55551733,playhearthstone,Hearthstone: Heroes of Warcraft,2016-03-20T12:30:25Z,Hearthstone Europe Winter Championship - Day 3,6:24:58,27858
517,55335527,playhearthstone,Hearthstone: Heroes of Warcraft,2016-03-19T12:38:14Z,Hearthstone Europe Winter Championship - Day 2,5:13:21,10066
518,55126897,playhearthstone,Hearthstone: Heroes of Warcraft,2016-03-18T12:29:49Z,Hearthstone Europe Winter Championship - Day 1,6:16:54,16763
519,54219943,playhearthstone,Hearthstone: Heroes of Warcraft,2016-03-13T16:30:47Z,Hearthstone Americas Winter Championship - Day 3,6:53:51,26919
520,54129398,playhearthstone,Hearthstone: Heroes of Warcraft,2016-03-13T04:26:15Z,Japan Winter Preliminaries - Day 2,7:22:27,3894
521,54116103,playhearthstone,Hearthstone: Heroes of Warcraft,2016-03-13T03:03:56Z,Japan Winter Preliminaries - Day 2,1:19:37,674
522,54001475,playhearthstone,Hearthstone: Heroes of Warcraft,2016-03-12T17:24:33Z,Hearthstone Americas Winter Championship - Day 2,5:50:57,15273
523,53775935,playhearthstone,Hearthstone: Heroes of Warcraft,2016-03-11T17:43:35Z,Hearthstone Americas Winter Championship - Day 1,6:24:43,39154
524,52617363,playhearthstone,Hearthstone: Heroes of Warcraft,2016-03-05T23:58:08Z,#HCT - Australia/NZ Winter Preliminary,7:55:22,8962
525,48699390,playhearthstone,Hearthstone: Heroes of Warcraft,2016-02-21T17:39:42Z,Hearthstone Championship Tour - Americas Winter Preliminary Day 2,8:57:59,15080
526,48493242,playhearthstone,Hearthstone: Heroes of Warcraft,2016-02-21T06:12:18Z,Hearthstone Championship Tour - SEA Winter Preliminary,7:17:52,4618
527,48222460,playhearthstone,Hearthstone: Heroes of Warcraft,2016-02-20T17:39:57Z,Hearthstone Championship Tour - Americas Winter Preliminary Day 1,8:25:32,7829
528,44986669,playhearthstone,Hearthstone: Heroes of Warcraft,2016-02-14T12:43:39Z,Hearthstone Championship Tour - Europe Winter Preliminary,9:01:08,7917
529,44496319,playhearthstone,Hearthstone: Heroes of Warcraft,2016-02-13T12:46:41Z,Hearthstone Championship Tour - Europe Winter Preliminary,7:49:16,6760
530,27192446,playhearthstone,Hearthstone: Heroes of Warcraft,2015-11-22T21:27:38Z,Collegiate Hearthstone Championship - Regional Finals,7:58:12,4403
531,25141150,playhearthstone,Hearthstone: Heroes of Warcraft,2015-11-11T01:12:40Z,Collegiate Hearthstone Championship - Week 7,3:52:36,1536
532,24945898,playhearthstone,Hearthstone: Heroes of Warcraft,2015-11-10T00:32:33Z,Collegiate Hearthstone Championship - Week 7,3:50:55,1158
533,24516745,playhearthstone,Hearthstone: Heroes of Warcraft,2015-11-07T18:03:37Z,Hearthstone World Championship: Final day,5:18:15,41066
534,24307360,playhearthstone,Hearthstone: Heroes of Warcraft,2015-11-06T18:20:19Z,Hearthstone World Championship: Quarter-finals,10:17:03,24004
535,23871403,playhearthstone,Hearthstone: Heroes of Warcraft,2015-11-04T00:22:27Z,Collegiate Hearthstone Championship - Week 6,3:10:25,2713
536,23743921,playhearthstone,Hearthstone: Heroes of Warcraft,2015-11-03T03:16:44Z,Collegiate Hearthstone Championship - Week 6,1:56:39,1609
537,23725840,playhearthstone,Hearthstone: Heroes of Warcraft,2015-11-03T01:01:16Z,Collegiate Hearthstone Championship - Week 6,2:15:55,1152
538,23332293,playhearthstone,Hearthstone: Heroes of Warcraft,2015-10-31T15:29:02Z,HS World Championship: Group Stage,4:53:57,19074
539,23163891,playhearthstone,Hearthstone: Heroes of Warcraft,2015-10-30T15:33:53Z,HS World Championship: Group Stage,4:33:56,9561
540,23008868,playhearthstone,Hearthstone: Heroes of Warcraft,2015-10-29T15:25:43Z,HS World Championship: Group Stage,8:52:34,14984
541,22858450,playhearthstone,Hearthstone: Heroes of Warcraft,2015-10-28T15:46:42Z,HS World Championship: Group Stage,4:26:58,19661
542,21643972,playhearthstone,Hearthstone: Heroes of Warcraft,2015-10-20T23:52:16Z,Collegiate Hearthstone Championship - Week 4,3:20:46,3041
543,21496041,playhearthstone,Hearthstone: Heroes of Warcraft,2015-10-19T23:41:07Z,Collegiate Hearthstone Championship - Week 4,3:46:58,1266
544,20574641,playhearthstone,Hearthstone: Heroes of Warcraft,2015-10-13T23:30:36Z,Collegiate Hearthstone Championship - Week 3,4:01:11,3359
545,20424066,playhearthstone,Hearthstone: Heroes of Warcraft,2015-10-12T23:40:32Z,Collegiate Hearthstone Championship - Week 3,3:51:09,1699
546,20215586,playhearthstone,Hearthstone: Heroes of Warcraft,2015-10-11T16:30:26Z,Hearthstone Americas Championship - Day 2,7:42:32,18180
547,20043890,playhearthstone,Hearthstone: Heroes of Warcraft,2015-10-10T16:30:25Z,Hearthstone Americas Championship - Day 1,6:46:24,22288
548,19458206,playhearthstone,Hearthstone: Heroes of Warcraft,2015-10-06T23:30:57Z,Collegiate Hearthstone Championship - Week 2,4:54:48,2063
549,19317405,playhearthstone,Hearthstone: Heroes of Warcraft,2015-10-06T00:05:45Z,Collegiate Hearthstone Championship - Week 2,3:55:50,1297
550,19082325,playhearthstone,Hearthstone: Heroes of Warcraft,2015-10-04T11:18:47Z,Hearthstone European Championship 2015 - Finals,1:20:59,8718
551,18961850,playhearthstone,Hearthstone: Heroes of Warcraft,2015-10-03T18:10:29Z,Hearthstone European Championship 2015 - Day 1,1:38:20,4233
552,18928106,playhearthstone,Hearthstone: Heroes of Warcraft,2015-10-03T13:57:45Z,Hearthstone European Championship 2015 - Day 1,4:12:29,2573
553,18906167,playhearthstone,Hearthstone: Heroes of Warcraft,2015-10-03T09:45:01Z,Hearthstone European Championship 2015 - Day 1,4:12:28,2364
554,18740162,playhearthstone,Hearthstone: Heroes of Warcraft,2015-10-02T07:18:54Z,Asia-Pacific Championship: Day 2,4:52:16,1368
555,18585822,playhearthstone,Hearthstone: Heroes of Warcraft,2015-10-01T04:08:46Z,Asia-Pacific Championship: Day 1,7:47:56,1796
556,18399919,playhearthstone,Hearthstone: Heroes of Warcraft,2015-09-29T23:30:38Z,Collegiate Hearthstone Championship: Week 1,2:49:44,822
557,18252296,playhearthstone,Hearthstone: Heroes of Warcraft,2015-09-28T23:31:12Z,Collegiate Hearthstone Championship: UT Austin vs UNC Chapel Hill,3:03:07,1544
558,16991340,playhearthstone,Hearthstone: Heroes of Warcraft,2015-09-20T21:06:26Z,Road to BlizzCon - NA Qualifier Tournament Finals,6:43:57,12367
559,16925278,playhearthstone,Hearthstone: Heroes of Warcraft,2015-09-20T13:04:21Z,Road to BlizzCon - European Qualifier,8:00:40,3845
560,16883684,playhearthstone,Hearthstone: Heroes of Warcraft,2015-09-20T04:37:43Z,Road to BlizzCon - Southeast Asia Finals #HWCSEA,8:10:29,3783
561,16813389,playhearthstone,Hearthstone: Heroes of Warcraft,2015-09-19T19:46:30Z,Road to BlizzCon - NA Qualifier Tournament Top 8,7:44:13,7032
562,16746106,playhearthstone,Hearthstone: Heroes of Warcraft,2015-09-19T10:41:01Z,Road to BlizzCon - European Qualifier,9:02:59,1524
563,16636509,playhearthstone,Hearthstone: Heroes of Warcraft,2015-09-18T18:43:52Z,Hearthstone World Championship KR Qualifiers  Sept 18th 5 A.M PDT,7:35:17,2155
564,16588913,playhearthstone,Hearthstone: Heroes of Warcraft,2015-09-18T11:48:32Z,Hearthstone World Championship KR Qualifiers  Sept 18th 5 A.M PDT,2:01:48,664
565,16514360,playhearthstone,Hearthstone: Heroes of Warcraft,2015-09-17T22:04:44Z,Hearthstone World Championship NA Qualifiers Day 6 ,4:24:54,5242
566,16485679,playhearthstone,Hearthstone: Heroes of Warcraft,2015-09-17T18:32:35Z,Hearthstone World Championship NA Qualifiers Day 6 ,2:25:36,3272
567,16281763,playhearthstone,Hearthstone: Heroes of Warcraft,2015-09-16T08:49:25Z,Korea Championship Qualifier -  September 16th 2AM PDT,3:11:54,451
568,15974226,playhearthstone,Hearthstone: Heroes of Warcraft,2015-09-14T09:10:42Z,Korea Championship Qualifier -  September 14th 6PM KST,3:02:52,509
569,15769119,playhearthstone,Hearthstone: Heroes of Warcraft,2015-09-13T01:51:08Z,North America Championship Qualifier - September 12th 12PM PDT,3:48:02,1284
570,15583324,playhearthstone,Hearthstone: Heroes of Warcraft,2015-09-12T00:47:39Z,Australia & New Zealand Championship Finals Day 1 - Saturday September 12th 11AM AEST,6:09:52,653
571,14588414,playhearthstone,Hearthstone: Heroes of Warcraft,2015-09-05T18:33:20Z,North American Last Call Qualifier,8:54:35,21512
572,13410463,playhearthstone,Hearthstone: Heroes of Warcraft,2015-08-29T15:08:35Z,European Fireside Gathering Championship with Gnimsh and Savjz,2:52:27,7758
573,13401565,playhearthstone,Hearthstone: Heroes of Warcraft,2015-08-29T13:57:14Z,SEA Fireside Gathering Finals,1:05:30,1091
574,13368258,playhearthstone,Hearthstone: Heroes of Warcraft,2015-08-29T07:02:14Z,SEA Fireside Gathering Finals,3:53:02,1026
575,13361304,playhearthstone,Hearthstone: Heroes of Warcraft,2015-08-29T05:41:36Z,SEA Fireside Gathering Finals,1:15:01,256
576,12224720,playhearthstone,Hearthstone: Heroes of Warcraft,2015-08-22T16:31:27Z,NA Fireside Gathering Championship Finals!,3:32:09,2990
577,11202474,playhearthstone,Hearthstone: Heroes of Warcraft,2015-08-16T13:51:54Z,EU Fireside Gathering Championship,9:04:30,2311
578,11040723,playhearthstone,Hearthstone: Heroes of Warcraft,2015-08-15T14:11:42Z,EU Fireside Gathering Championship,6:52:18,1159
579,10964790,playhearthstone,Hearthstone: Heroes of Warcraft,2015-08-15T01:11:04Z,ANZ Fireside Gathering Championship Finals,4:03:57,1926
580,10896175,playhearthstone,Hearthstone: Heroes of Warcraft,2015-08-14T17:07:43Z,The Grand Tournament Live Stream,1:09:07,29276
581,10170656,playhearthstone,Hearthstone: Heroes of Warcraft,2015-08-08T18:32:12Z,Fireside Gathering Championship - NA Online Qualifier,7:48:52,4857
582,8259156,playhearthstone,Hearthstone: Heroes of Warcraft,2015-07-22T22:23:36Z,Special Hearthstone Announcement at the Foundry,0:45:07,47793
583,8253317,playhearthstone,Hearthstone: Heroes of Warcraft,2015-07-22T21:00:54Z,Special Hearthstone Announcement at the Foundry,0:58:58,40854
584,30475933,playhearthstone,Hearthstone: Heroes of Warcraft,2015-03-30T17:18:18Z,Collegiate Hearthstone Championship - Regional Finals,1:26:18,23042
585,30475984,playhearthstone,Hearthstone: Heroes of Warcraft,2014-11-08T17:09:49Z,Collegiate Hearthstone Championship - Regional Finals,13:06:22,16000
586,30476170,playhearthstone,Hearthstone: Heroes of Warcraft,2014-11-03T18:27:01Z,Collegiate Hearthstone Championship - Regional Finals,10:02:34,28106
587,30476176,playhearthstone,Hearthstone: Heroes of Warcraft,2014-11-02T19:00:08Z,Collegiate Hearthstone Championship - Regional Finals,9:41:03,17730
588,30475911,playhearthstone,Hearthstone: Heroes of Warcraft,2014-10-06T23:14:13Z,Collegiate Hearthstone Championship - Regional Finals,1:03:57,14795
589,30475937,playhearthstone,Hearthstone: Heroes of Warcraft,2014-10-06T14:04:16Z,Collegiate Hearthstone Championship - Regional Finals,9:07:01,21212
590,30476113,playhearthstone,Hearthstone: Heroes of Warcraft,2014-10-05T14:24:50Z,Collegiate Hearthstone Championship - Regional Finals,8:56:40,17521
591,47584569,playhearthstone,Hearthstone: Heroes of Warcraft,2014-10-02T22:40:24Z,BlizzCon Qualifier Match #4 - 2014 European Championship,1:16:46,4254
592,47584583,playhearthstone,Hearthstone: Heroes of Warcraft,2014-10-02T22:18:35Z,BlizzCon Qualifier Match #2 - 2014 European Championship,1:12:55,3448
593,47585293,playhearthstone,Hearthstone: Heroes of Warcraft,2014-10-02T22:07:44Z,BlizzCon Qualifier Match #1 - 2014 European Championship,0:59:08,3037
594,47585374,playhearthstone,Hearthstone: Heroes of Warcraft,2014-10-02T21:56:28Z,Group D - Match #5 - 2014 European Championship,1:13:10,773
595,47585624,playhearthstone,Hearthstone: Heroes of Warcraft,2014-10-02T21:15:58Z,Group D - Match #3 - 2014 European Championship,1:21:36,576
596,47586207,playhearthstone,Hearthstone: Heroes of Warcraft,2014-10-02T20:46:55Z,Group C - Match #5 - 2014 European Championship,2:05:04,464
597,47586248,playhearthstone,Hearthstone: Heroes of Warcraft,2014-10-02T20:31:38Z,Group C - Match #4 - 2014 European Championship,1:19:43,394
598,47586556,playhearthstone,Hearthstone: Heroes of Warcraft,2014-10-02T20:12:41Z,Group C - Match #3 - 2014 European Championship,1:14:08,235
599,47586443,playhearthstone,Hearthstone: Heroes of Warcraft,2014-10-02T20:10:04Z,Group B - Match #5 - 2014 European Championship,1:02:13,140
600,47586622,playhearthstone,Hearthstone: Heroes of Warcraft,2014-10-02T20:02:36Z,Group B - Match #4 - 2014 European Championship,1:34:28,136
601,47587051,playhearthstone,Hearthstone: Heroes of Warcraft,2014-10-02T19:49:29Z,Group B - Match #3 - 2014 European Championship,1:39:01,193
602,47587086,playhearthstone,Hearthstone: Heroes of Warcraft,2014-10-02T19:08:56Z,Group A - Match #5 - 2014 European Championship,1:01:41,156
603,47587573,playhearthstone,Hearthstone: Heroes of Warcraft,2014-10-02T18:59:29Z,Group A - Match #4 - 2014 European Championship,0:54:34,167
604,47587704,playhearthstone,Hearthstone: Heroes of Warcraft,2014-10-02T18:55:32Z,Group A - Match #3 - 2014 European Championship,1:08:24,151
605,47587868,playhearthstone,Hearthstone: Heroes of Warcraft,2014-10-02T18:29:36Z,Group D - Match #2 - 2014 European Championship,0:45:59,247
606,47587991,playhearthstone,Hearthstone: Heroes of Warcraft,2014-10-02T18:19:45Z,Group C - Match #2 - 2014 European Championship,1:11:19,168
607,47588048,playhearthstone,Hearthstone: Heroes of Warcraft,2014-10-02T18:05:21Z,Group C - Match #1 - 2014 European Championship,1:13:42,164
608,47589006,playhearthstone,Hearthstone: Heroes of Warcraft,2014-10-02T17:58:29Z,Group B - Match #2 - 2014 European Championship,1:46:16,152
609,47598845,playhearthstone,Hearthstone: Heroes of Warcraft,2014-10-02T01:04:12Z,Group B - Match #1 - 2014 European Championship,1:25:08,297
610,47600547,playhearthstone,Hearthstone: Heroes of Warcraft,2014-10-01T22:33:18Z,Group A - Match #2 - 2014 European Championship,1:02:29,420
611,47602690,playhearthstone,Hearthstone: Heroes of Warcraft,2014-10-01T20:37:10Z,Group A - Match #1 - 2014 European Championship,0:57:55,600
612,30476021,playhearthstone,Hearthstone: Heroes of Warcraft,2014-09-27T12:42:56Z,Collegiate Hearthstone Championship - Regional Finals,5:05:56,30274
613,30476296,playhearthstone,Hearthstone: Heroes of Warcraft,2014-09-26T10:04:24Z,Collegiate Hearthstone Championship - Regional Finals,17:51:30,26893
614,47705252,playhearthstone,Hearthstone: Heroes of Warcraft,2014-09-25T17:53:15Z,Europe Qualifier Phase 2 Day 1,10:42:40,23470
615,30476207,playhearthstone,Hearthstone: Heroes of Warcraft,2014-09-24T12:18:01Z,Collegiate Hearthstone Championship - Regional Finals,11:13:01,32940
616,43257626,playhearthstone,Hearthstone: Heroes of Warcraft,2014-09-16T00:25:57Z,Americas Qualifier Phase 1 Day 3,4:23:27,19297
617,43257672,playhearthstone,Hearthstone: Heroes of Warcraft,2014-09-16T00:25:12Z,Americas Qualifier Phase 1 Day 2,4:50:10,4641
618,43258060,playhearthstone,Hearthstone: Heroes of Warcraft,2014-09-16T00:20:23Z,Americas Qualifier Phase 1 Day 1 Part 1,4:33:11,15803
619,30475935,playhearthstone,Hearthstone: Heroes of Warcraft,2014-09-14T00:18:07Z,Collegiate Hearthstone Championship - Regional Finals,4:43:58,6870
620,30475991,playhearthstone,Hearthstone: Heroes of Warcraft,2014-09-13T00:02:56Z,Collegiate Hearthstone Championship - Regional Finals,5:16:17,4909
621,30475980,playhearthstone,Hearthstone: Heroes of Warcraft,2014-09-12T02:33:34Z,Collegiate Hearthstone Championship - Regional Finals,4:35:29,3864
622,30475946,playhearthstone,Hearthstone: Heroes of Warcraft,2014-09-12T00:29:17Z,Collegiate Hearthstone Championship - Regional Finals,2:04:22,1984
623,43322433,playhearthstone,Hearthstone: Heroes of Warcraft,2014-09-09T18:50:11Z,Hearthstone Last Call Day 2 - Americas Region,2:32:05,6463
624,43322972,playhearthstone,Hearthstone: Heroes of Warcraft,2014-09-09T18:45:42Z,Hearthstone Last Call Day 1 - Americas Region,4:21:43,14403
625,30475971,playhearthstone,Hearthstone: Heroes of Warcraft,2014-09-08T00:28:46Z,Collegiate Hearthstone Championship - Regional Finals,2:45:08,2225
626,30475975,playhearthstone,Hearthstone: Heroes of Warcraft,2014-09-07T00:30:39Z,Collegiate Hearthstone Championship - Regional Finals,4:35:37,3641
627,50128803,playhearthstone,Hearthstone: Heroes of Warcraft,2013-07-26T19:16:25Z,The Arena - Honing Hearthstone's Heroes,0:59:14,62118
628,38125070,playhearthstone,Hearthstone: Heroes of Warcraft,2013-07-26T17:11:18Z,Hearthstone: Heroes of Warcraft - Official Channel,1:18:54,8947
629,40790944,playhearthstone,Hearthstone: Heroes of Warcraft,2013-06-27T23:21:04Z,Hearthstone: LIVE stream with CM Zeriyah! - June 27 2013,0:48:54,48500
630,38125158,playhearthstone,Hearthstone: Heroes of Warcraft,2013-06-27T17:20:50Z,Hearthstone: LIVE stream with CM Zeriyah! - June 27 2013,0:58:44,9399
631,50556653,playhearthstone,Hearthstone: Heroes of Warcraft,2013-05-09T18:25:05Z,LIVE Fireside Duel - #1 (No Intro),1:01:50,81423
632,38125146,playhearthstone,Hearthstone: Heroes of Warcraft,2013-05-09T17:32:39Z,Hearthstone: LIVE Fireside Duel - May 9 2013,1:09:54,16271
